path,label,ext
D:\DisasterModel\validation\earthquake\465.jpg,earthquake,.jpg
D:\DisasterModel\train\flood\47.jpg,flood,.jpg
D:\DisasterModel\train\wildfire\238.jpg,wildfire,.jpg
D:\DisasterModel\test\wildfire\565.jpg,wildfire,.jpg
D:\DisasterModel\train\cyclone\217.jpg,cyclone,.jpg
D:\DisasterModel\validation\cyclone\432.jpg,cyclone,.jpg
D:\DisasterModel\train\wildfire\300.jpg,wildfire,.jpg
D:\DisasterModel\train\wildfire\260.jpg,wildfire,.jpg
D:\DisasterModel\train\flood\30.jpg,flood,.jpg
D:\DisasterModel\train\cyclone\234.jpg,cyclone,.jpg
D:\DisasterModel\train\flood\137.jpg,flood,.jpg
D:\DisasterModel\validation\flood\480.jpg,flood,.jpg
D:\DisasterModel\train\flood\88.jpg,flood,.jpg
D:\DisasterModel\validation\flood\444.jpg,flood,.jpg
D:\DisasterModel\train\earthquake\167.jpg,earthquake,.jpg
D:\DisasterModel\test\flood\572.jpg,flood,.jpg
D:\DisasterModel\train\earthquake\282.jpg,earthquake,.jpg
D:\DisasterModel\validation\cyclone\439.jpg,cyclone,.jpg
D:\DisasterModel\train\earthquake\276.jpg,earthquake,.jpg
D:\DisasterModel\train\earthquake\98.jpg,earthquake,.jpg
D:\DisasterModel\train\cyclone\371.jpg,cyclone,.jpg
D:\DisasterModel\validation\flood\455.jpg,flood,.jpg
D:\DisasterModel\train\cyclone\178.jpg,cyclone,.jpg
D:\DisasterModel\test\flood\547.jpg,flood,.jpg
D:\DisasterModel\train\wildfire\386.jpg,wildfire,.jpg
D:\DisasterModel\train\cyclone\124.jpg,cyclone,.jpg
D:\DisasterModel\train\cyclone\103.jpg,cyclone,.jpg
D:\DisasterModel\train\earthquake\376.jpg,earthquake,.jpg
D:\DisasterModel\validation\earthquake\415.jpg,earthquake,.jpg
D:\DisasterModel\validation\earthquake\461.jpg,earthquake,.jpg
D:\DisasterModel\train\flood\10.jpg,flood,.jpg
D:\DisasterModel\train\earthquake\309.jpg,earthquake,.jpg
D:\DisasterModel\test\wildfire\555.jpg,wildfire,.jpg
D:\DisasterModel\train\earthquake\16.jpg,earthquake,.jpg
D:\DisasterModel\validation\cyclone\419.jpg,cyclone,.jpg
D:\DisasterModel\train\cyclone\303.jpg,cyclone,.jpg
D:\DisasterModel\validation\flood\419.jpg,flood,.jpg
D:\DisasterModel\validation\cyclone\446.jpg,cyclone,.jpg
D:\DisasterModel\train\flood\264.jpg,flood,.jpg
D:\DisasterModel\train\wildfire\388.jpg,wildfire,.jpg
D:\DisasterModel\train\cyclone\229.jpg,cyclone,.jpg
D:\DisasterModel\train\wildfire\33.jpg,wildfire,.jpg
D:\DisasterModel\train\flood\78.jpg,flood,.jpg
D:\DisasterModel\train\wildfire\164.jpg,wildfire,.jpg
D:\DisasterModel\train\earthquake\399.jpg,earthquake,.jpg
D:\DisasterModel\train\cyclone\254.jpg,cyclone,.jpg
D:\DisasterModel\train\wildfire\353.jpg,wildfire,.jpg
D:\DisasterModel\train\cyclone\359.jpg,cyclone,.jpg
D:\DisasterModel\validation\wildfire\410.jpg,wildfire,.jpg
D:\DisasterModel\train\earthquake\21.jpg,earthquake,.jpg
D:\DisasterModel\train\cyclone\209.jpg,cyclone,.jpg
D:\DisasterModel\train\flood\31.jpg,flood,.jpg
D:\DisasterModel\train\wildfire\189.jpg,wildfire,.jpg
D:\DisasterModel\train\flood\22.jpg,flood,.jpg
D:\DisasterModel\validation\flood\408.jpg,flood,.jpg
D:\DisasterModel\test\cyclone\590.jpg,cyclone,.jpg
D:\DisasterModel\train\earthquake\318.jpg,earthquake,.jpg
D:\DisasterModel\validation\wildfire\425.jpg,wildfire,.jpg
D:\DisasterModel\train\wildfire\5.jpg,wildfire,.jpg
D:\DisasterModel\validation\earthquake\469.jpg,earthquake,.jpg
D:\DisasterModel\train\wildfire\131.jpg,wildfire,.jpg
D:\DisasterModel\train\wildfire\40.jpg,wildfire,.jpg
D:\DisasterModel\train\cyclone\255.jpg,cyclone,.jpg
D:\DisasterModel\train\flood\15.jpg,flood,.jpg
D:\DisasterModel\train\earthquake\284.jpg,earthquake,.jpg
D:\DisasterModel\train\wildfire\218.jpg,wildfire,.jpg
D:\DisasterModel\train\earthquake\126.jpg,earthquake,.jpg
D:\DisasterModel\train\wildfire\89.jpg,wildfire,.jpg
D:\DisasterModel\train\cyclone\203.jpg,cyclone,.jpg
D:\DisasterModel\train\earthquake\180.jpg,earthquake,.jpg
D:\DisasterModel\train\wildfire\135.jpg,wildfire,.jpg
D:\DisasterModel\train\wildfire\42.jpg,wildfire,.jpg
D:\DisasterModel\train\wildfire\0.jpg,wildfire,.jpg
D:\DisasterModel\train\flood\214.jpg,flood,.jpg
D:\DisasterModel\validation\flood\418.jpg,flood,.jpg
D:\DisasterModel\train\earthquake\89.jpg,earthquake,.jpg
D:\DisasterModel\validation\cyclone\414.jpg,cyclone,.jpg
D:\DisasterModel\train\earthquake\305.jpg,earthquake,.jpg
D:\DisasterModel\validation\cyclone\444.jpg,cyclone,.jpg
D:\DisasterModel\train\flood\267.jpg,flood,.jpg
D:\DisasterModel\train\cyclone\0.jpg,cyclone,.jpg
D:\DisasterModel\test\wildfire\501.jpg,wildfire,.jpg
D:\DisasterModel\test\flood\591.jpg,flood,.jpg
D:\DisasterModel\train\wildfire\398.jpg,wildfire,.jpg
D:\DisasterModel\train\flood\219.jpg,flood,.jpg
D:\DisasterModel\train\wildfire\26.jpg,wildfire,.jpg
D:\DisasterModel\train\wildfire\212.jpg,wildfire,.jpg
D:\DisasterModel\test\flood\545.jpg,flood,.jpg
D:\DisasterModel\train\cyclone\246.jpg,cyclone,.jpg
D:\DisasterModel\train\flood\337.jpg,flood,.jpg
D:\DisasterModel\train\earthquake\236.jpg,earthquake,.jpg
D:\DisasterModel\test\wildfire\534.jpg,wildfire,.jpg
D:\DisasterModel\validation\wildfire\426.jpg,wildfire,.jpg
D:\DisasterModel\train\cyclone\394.jpg,cyclone,.jpg
D:\DisasterModel\train\flood\44.jpg,flood,.jpg
D:\DisasterModel\validation\wildfire\496.jpg,wildfire,.jpg
D:\DisasterModel\train\cyclone\253.jpg,cyclone,.jpg
D:\DisasterModel\validation\cyclone\408.jpg,cyclone,.jpg
D:\DisasterModel\test\flood\509.jpg,flood,.jpg
D:\DisasterModel\validation\cyclone\410.jpg,cyclone,.jpg
D:\DisasterModel\train\earthquake\244.jpg,earthquake,.jpg
D:\DisasterModel\train\earthquake\251.jpg,earthquake,.jpg
D:\DisasterModel\validation\wildfire\463.jpg,wildfire,.jpg
D:\DisasterModel\validation\earthquake\435.jpg,earthquake,.jpg
D:\DisasterModel\train\wildfire\368.jpg,wildfire,.jpg
D:\DisasterModel\validation\wildfire\467.jpg,wildfire,.jpg
D:\DisasterModel\train\cyclone\319.jpg,cyclone,.jpg
D:\DisasterModel\train\flood\187.jpg,flood,.jpg
D:\DisasterModel\train\earthquake\38.jpg,earthquake,.jpg
D:\DisasterModel\train\wildfire\144.jpg,wildfire,.jpg
D:\DisasterModel\test\flood\542.jpg,flood,.jpg
D:\DisasterModel\validation\flood\413.jpg,flood,.jpg
D:\DisasterModel\test\flood\575.jpg,flood,.jpg
D:\DisasterModel\train\wildfire\215.jpg,wildfire,.jpg
D:\DisasterModel\train\cyclone\336.jpg,cyclone,.jpg
D:\DisasterModel\train\flood\111.jpg,flood,.jpg
D:\DisasterModel\validation\earthquake\483.jpg,earthquake,.jpg
D:\DisasterModel\validation\cyclone\436.jpg,cyclone,.jpg
D:\DisasterModel\train\cyclone\20.jpg,cyclone,.jpg
D:\DisasterModel\test\cyclone\531.jpg,cyclone,.jpg
D:\DisasterModel\validation\flood\440.jpg,flood,.jpg
D:\DisasterModel\validation\cyclone\402.jpg,cyclone,.jpg
D:\DisasterModel\train\wildfire\253.jpg,wildfire,.jpg
D:\DisasterModel\train\flood\373.jpg,flood,.jpg
D:\DisasterModel\train\cyclone\169.jpg,cyclone,.jpg
D:\DisasterModel\test\earthquake\508.jpg,earthquake,.jpg
D:\DisasterModel\validation\flood\484.jpg,flood,.jpg
D:\DisasterModel\train\flood\250.jpg,flood,.jpg
D:\DisasterModel\train\flood\67.jpg,flood,.jpg
D:\DisasterModel\train\wildfire\286.jpg,wildfire,.jpg
D:\DisasterModel\train\wildfire\155.jpg,wildfire,.jpg
D:\DisasterModel\validation\cyclone\440.jpg,cyclone,.jpg
D:\DisasterModel\train\flood\185.jpg,flood,.jpg
D:\DisasterModel\validation\wildfire\499.jpg,wildfire,.jpg
D:\DisasterModel\train\wildfire\307.jpg,wildfire,.jpg
D:\DisasterModel\test\cyclone\574.jpg,cyclone,.jpg
D:\DisasterModel\train\earthquake\77.jpg,earthquake,.jpg
D:\DisasterModel\test\cyclone\593.jpg,cyclone,.jpg
D:\DisasterModel\test\earthquake\599.jpg,earthquake,.jpg
D:\DisasterModel\train\earthquake\144.jpg,earthquake,.jpg
D:\DisasterModel\train\cyclone\94.jpg,cyclone,.jpg
D:\DisasterModel\train\wildfire\229.jpg,wildfire,.jpg
D:\DisasterModel\train\flood\254.jpg,flood,.jpg
D:\DisasterModel\train\earthquake\271.jpg,earthquake,.jpg
D:\DisasterModel\train\cyclone\105.jpg,cyclone,.jpg
D:\DisasterModel\test\wildfire\525.jpg,wildfire,.jpg
D:\DisasterModel\train\earthquake\291.jpg,earthquake,.jpg
D:\DisasterModel\train\cyclone\399.jpg,cyclone,.jpg
D:\DisasterModel\train\wildfire\67.jpg,wildfire,.jpg
D:\DisasterModel\test\wildfire\557.jpg,wildfire,.jpg
D:\DisasterModel\train\flood\155.jpg,flood,.jpg
D:\DisasterModel\train\flood\358.jpg,flood,.jpg
D:\DisasterModel\train\wildfire\396.jpg,wildfire,.jpg
D:\DisasterModel\test\cyclone\529.jpg,cyclone,.jpg
D:\DisasterModel\train\cyclone\59.jpg,cyclone,.jpg
D:\DisasterModel\train\cyclone\164.jpg,cyclone,.jpg
D:\DisasterModel\train\wildfire\213.jpg,wildfire,.jpg
D:\DisasterModel\validation\flood\409.jpg,flood,.jpg
D:\DisasterModel\train\flood\148.jpg,flood,.jpg
D:\DisasterModel\train\cyclone\147.jpg,cyclone,.jpg
D:\DisasterModel\test\cyclone\576.jpg,cyclone,.jpg
D:\DisasterModel\validation\earthquake\488.jpg,earthquake,.jpg
D:\DisasterModel\train\wildfire\293.jpg,wildfire,.jpg
D:\DisasterModel\test\wildfire\512.jpg,wildfire,.jpg
D:\DisasterModel\validation\flood\429.jpg,flood,.jpg
D:\DisasterModel\train\cyclone\331.jpg,cyclone,.jpg
D:\DisasterModel\train\wildfire\14.jpg,wildfire,.jpg
D:\DisasterModel\train\wildfire\341.jpg,wildfire,.jpg
D:\DisasterModel\train\cyclone\320.jpg,cyclone,.jpg
D:\DisasterModel\test\cyclone\582.jpg,cyclone,.jpg
D:\DisasterModel\train\flood\32.jpg,flood,.jpg
D:\DisasterModel\test\cyclone\561.jpg,cyclone,.jpg
D:\DisasterModel\train\earthquake\58.jpg,earthquake,.jpg
D:\DisasterModel\train\cyclone\78.jpg,cyclone,.jpg
D:\DisasterModel\test\earthquake\559.jpg,earthquake,.jpg
D:\DisasterModel\validation\earthquake\432.jpg,earthquake,.jpg
D:\DisasterModel\train\earthquake\110.jpg,earthquake,.jpg
D:\DisasterModel\test\wildfire\597.jpg,wildfire,.jpg
D:\DisasterModel\validation\wildfire\413.jpg,wildfire,.jpg
D:\DisasterModel\train\flood\338.jpg,flood,.jpg
D:\DisasterModel\train\flood\192.jpg,flood,.jpg
D:\DisasterModel\train\earthquake\241.jpg,earthquake,.jpg
D:\DisasterModel\train\wildfire\37.jpg,wildfire,.jpg
D:\DisasterModel\validation\earthquake\418.jpg,earthquake,.jpg
D:\DisasterModel\test\flood\540.jpg,flood,.jpg
D:\DisasterModel\validation\earthquake\405.jpg,earthquake,.jpg
D:\DisasterModel\test\earthquake\595.jpg,earthquake,.jpg
D:\DisasterModel\train\wildfire\269.jpg,wildfire,.jpg
D:\DisasterModel\validation\flood\482.jpg,flood,.jpg
D:\DisasterModel\train\cyclone\338.jpg,cyclone,.jpg
D:\DisasterModel\train\wildfire\99.jpg,wildfire,.jpg
D:\DisasterModel\train\cyclone\142.jpg,cyclone,.jpg
D:\DisasterModel\train\wildfire\46.jpg,wildfire,.jpg
D:\DisasterModel\train\flood\222.jpg,flood,.jpg
D:\DisasterModel\train\earthquake\350.jpg,earthquake,.jpg
D:\DisasterModel\train\cyclone\95.jpg,cyclone,.jpg
D:\DisasterModel\test\wildfire\541.jpg,wildfire,.jpg
D:\DisasterModel\validation\cyclone\434.jpg,cyclone,.jpg
D:\DisasterModel\validation\flood\493.jpg,flood,.jpg
D:\DisasterModel\test\wildfire\563.jpg,wildfire,.jpg
D:\DisasterModel\test\earthquake\560.jpg,earthquake,.jpg
D:\DisasterModel\train\earthquake\234.jpg,earthquake,.jpg
D:\DisasterModel\test\flood\522.jpg,flood,.jpg
D:\DisasterModel\validation\cyclone\416.jpg,cyclone,.jpg
D:\DisasterModel\train\cyclone\372.jpg,cyclone,.jpg
D:\DisasterModel\train\cyclone\186.jpg,cyclone,.jpg
D:\DisasterModel\train\flood\277.jpg,flood,.jpg
D:\DisasterModel\test\earthquake\556.jpg,earthquake,.jpg
D:\DisasterModel\train\earthquake\335.jpg,earthquake,.jpg
D:\DisasterModel\validation\earthquake\493.jpg,earthquake,.jpg
D:\DisasterModel\train\cyclone\73.jpg,cyclone,.jpg
D:\DisasterModel\validation\earthquake\462.jpg,earthquake,.jpg
D:\DisasterModel\train\flood\167.jpg,flood,.jpg
D:\DisasterModel\validation\flood\406.jpg,flood,.jpg
D:\DisasterModel\validation\wildfire\433.jpg,wildfire,.jpg
D:\DisasterModel\train\flood\274.jpg,flood,.jpg
D:\DisasterModel\train\cyclone\6.jpg,cyclone,.jpg
D:\DisasterModel\train\cyclone\90.jpg,cyclone,.jpg
D:\DisasterModel\validation\cyclone\472.jpg,cyclone,.jpg
D:\DisasterModel\validation\wildfire\482.jpg,wildfire,.jpg
D:\DisasterModel\train\earthquake\69.jpg,earthquake,.jpg
D:\DisasterModel\train\earthquake\86.jpg,earthquake,.jpg
D:\DisasterModel\validation\wildfire\411.jpg,wildfire,.jpg
D:\DisasterModel\validation\cyclone\497.jpg,cyclone,.jpg
D:\DisasterModel\train\wildfire\257.jpg,wildfire,.jpg
D:\DisasterModel\train\earthquake\136.jpg,earthquake,.jpg
D:\DisasterModel\train\earthquake\320.jpg,earthquake,.jpg
D:\DisasterModel\train\flood\349.jpg,flood,.jpg
D:\DisasterModel\validation\earthquake\487.jpg,earthquake,.jpg
D:\DisasterModel\validation\wildfire\468.jpg,wildfire,.jpg
D:\DisasterModel\validation\flood\481.jpg,flood,.jpg
D:\DisasterModel\validation\wildfire\447.jpg,wildfire,.jpg
D:\DisasterModel\test\earthquake\591.jpg,earthquake,.jpg
D:\DisasterModel\train\flood\287.jpg,flood,.jpg
D:\DisasterModel\train\flood\175.jpg,flood,.jpg
D:\DisasterModel\validation\wildfire\488.jpg,wildfire,.jpg
D:\DisasterModel\test\earthquake\543.jpg,earthquake,.jpg
D:\DisasterModel\train\flood\252.jpg,flood,.jpg
D:\DisasterModel\train\wildfire\2.jpg,wildfire,.jpg
D:\DisasterModel\train\wildfire\77.jpg,wildfire,.jpg
D:\DisasterModel\train\flood\324.jpg,flood,.jpg
D:\DisasterModel\train\wildfire\256.jpg,wildfire,.jpg
D:\DisasterModel\train\wildfire\343.jpg,wildfire,.jpg
D:\DisasterModel\test\wildfire\564.jpg,wildfire,.jpg
D:\DisasterModel\train\flood\85.jpg,flood,.jpg
D:\DisasterModel\test\cyclone\552.jpg,cyclone,.jpg
D:\DisasterModel\train\wildfire\248.jpg,wildfire,.jpg
D:\DisasterModel\test\wildfire\584.jpg,wildfire,.jpg
D:\DisasterModel\train\cyclone\386.jpg,cyclone,.jpg
D:\DisasterModel\train\cyclone\29.jpg,cyclone,.jpg
D:\DisasterModel\train\cyclone\214.jpg,cyclone,.jpg
D:\DisasterModel\train\cyclone\360.jpg,cyclone,.jpg
D:\DisasterModel\validation\wildfire\401.jpg,wildfire,.jpg
D:\DisasterModel\train\flood\347.jpg,flood,.jpg
D:\DisasterModel\validation\flood\401.jpg,flood,.jpg
D:\DisasterModel\validation\flood\416.jpg,flood,.jpg
D:\DisasterModel\train\flood\208.jpg,flood,.jpg
D:\DisasterModel\validation\flood\443.jpg,flood,.jpg
D:\DisasterModel\train\cyclone\256.jpg,cyclone,.jpg
D:\DisasterModel\test\flood\549.jpg,flood,.jpg
D:\DisasterModel\train\earthquake\11.jpg,earthquake,.jpg
D:\DisasterModel\train\cyclone\335.jpg,cyclone,.jpg
D:\DisasterModel\train\cyclone\191.jpg,cyclone,.jpg
D:\DisasterModel\train\earthquake\336.jpg,earthquake,.jpg
D:\DisasterModel\train\wildfire\304.jpg,wildfire,.jpg
D:\DisasterModel\train\cyclone\33.jpg,cyclone,.jpg
D:\DisasterModel\train\cyclone\98.jpg,cyclone,.jpg
D:\DisasterModel\test\cyclone\525.jpg,cyclone,.jpg
D:\DisasterModel\test\wildfire\540.jpg,wildfire,.jpg
D:\DisasterModel\train\earthquake\7.jpg,earthquake,.jpg
D:\DisasterModel\train\wildfire\367.jpg,wildfire,.jpg
D:\DisasterModel\train\earthquake\227.jpg,earthquake,.jpg
D:\DisasterModel\validation\earthquake\427.jpg,earthquake,.jpg
D:\DisasterModel\test\earthquake\567.jpg,earthquake,.jpg
D:\DisasterModel\validation\earthquake\434.jpg,earthquake,.jpg
D:\DisasterModel\train\cyclone\244.jpg,cyclone,.jpg
D:\DisasterModel\train\earthquake\175.jpg,earthquake,.jpg
D:\DisasterModel\train\earthquake\103.jpg,earthquake,.jpg
D:\DisasterModel\validation\earthquake\486.jpg,earthquake,.jpg
D:\DisasterModel\train\flood\108.jpg,flood,.jpg
D:\DisasterModel\train\wildfire\290.jpg,wildfire,.jpg
D:\DisasterModel\train\earthquake\147.jpg,earthquake,.jpg
D:\DisasterModel\train\cyclone\158.jpg,cyclone,.jpg
D:\DisasterModel\train\cyclone\46.jpg,cyclone,.jpg
D:\DisasterModel\train\wildfire\251.jpg,wildfire,.jpg
D:\DisasterModel\validation\cyclone\453.jpg,cyclone,.jpg
D:\DisasterModel\train\earthquake\113.jpg,earthquake,.jpg
D:\DisasterModel\train\flood\331.jpg,flood,.jpg
D:\DisasterModel\train\earthquake\52.jpg,earthquake,.jpg
D:\DisasterModel\validation\wildfire\465.jpg,wildfire,.jpg
D:\DisasterModel\validation\earthquake\447.jpg,earthquake,.jpg
D:\DisasterModel\validation\earthquake\454.jpg,earthquake,.jpg
D:\DisasterModel\train\earthquake\256.jpg,earthquake,.jpg
D:\DisasterModel\train\earthquake\219.jpg,earthquake,.jpg
D:\DisasterModel\validation\cyclone\422.jpg,cyclone,.jpg
D:\DisasterModel\train\flood\54.jpg,flood,.jpg
D:\DisasterModel\test\wildfire\529.jpg,wildfire,.jpg
D:\DisasterModel\train\cyclone\369.jpg,cyclone,.jpg
D:\DisasterModel\validation\flood\477.jpg,flood,.jpg
D:\DisasterModel\test\flood\541.jpg,flood,.jpg
D:\DisasterModel\train\wildfire\330.jpg,wildfire,.jpg
D:\DisasterModel\train\flood\94.jpg,flood,.jpg
D:\DisasterModel\train\flood\34.jpg,flood,.jpg
D:\DisasterModel\test\cyclone\514.jpg,cyclone,.jpg
D:\DisasterModel\train\wildfire\301.jpg,wildfire,.jpg
D:\DisasterModel\train\earthquake\71.jpg,earthquake,.jpg
D:\DisasterModel\test\earthquake\519.jpg,earthquake,.jpg
D:\DisasterModel\test\earthquake\537.jpg,earthquake,.jpg
D:\DisasterModel\train\cyclone\65.jpg,cyclone,.jpg
D:\DisasterModel\test\flood\556.jpg,flood,.jpg
D:\DisasterModel\train\flood\394.jpg,flood,.jpg
D:\DisasterModel\train\earthquake\183.jpg,earthquake,.jpg
D:\DisasterModel\train\wildfire\146.jpg,wildfire,.jpg
D:\DisasterModel\train\flood\129.jpg,flood,.jpg
D:\DisasterModel\validation\wildfire\432.jpg,wildfire,.jpg
D:\DisasterModel\validation\wildfire\484.jpg,wildfire,.jpg
D:\DisasterModel\train\wildfire\191.jpg,wildfire,.jpg
D:\DisasterModel\train\earthquake\189.jpg,earthquake,.jpg
D:\DisasterModel\validation\flood\431.jpg,flood,.jpg
D:\DisasterModel\train\earthquake\153.jpg,earthquake,.jpg
D:\DisasterModel\train\flood\97.jpg,flood,.jpg
D:\DisasterModel\train\wildfire\325.jpg,wildfire,.jpg
D:\DisasterModel\test\flood\544.jpg,flood,.jpg
D:\DisasterModel\train\wildfire\68.jpg,wildfire,.jpg
D:\DisasterModel\train\flood\157.jpg,flood,.jpg
D:\DisasterModel\validation\wildfire\431.jpg,wildfire,.jpg
D:\DisasterModel\train\cyclone\383.jpg,cyclone,.jpg
D:\DisasterModel\validation\wildfire\412.jpg,wildfire,.jpg
D:\DisasterModel\train\cyclone\148.jpg,cyclone,.jpg
D:\DisasterModel\train\wildfire\184.jpg,wildfire,.jpg
D:\DisasterModel\train\flood\75.jpg,flood,.jpg
D:\DisasterModel\train\flood\96.jpg,flood,.jpg
D:\DisasterModel\validation\wildfire\470.jpg,wildfire,.jpg
D:\DisasterModel\test\wildfire\558.jpg,wildfire,.jpg
D:\DisasterModel\validation\earthquake\445.jpg,earthquake,.jpg
D:\DisasterModel\train\wildfire\69.jpg,wildfire,.jpg
D:\DisasterModel\train\wildfire\185.jpg,wildfire,.jpg
D:\DisasterModel\train\cyclone\354.jpg,cyclone,.jpg
D:\DisasterModel\train\flood\268.jpg,flood,.jpg
D:\DisasterModel\train\earthquake\247.jpg,earthquake,.jpg
D:\DisasterModel\train\flood\55.jpg,flood,.jpg
D:\DisasterModel\train\wildfire\348.jpg,wildfire,.jpg
D:\DisasterModel\train\wildfire\210.jpg,wildfire,.jpg
D:\DisasterModel\test\wildfire\578.jpg,wildfire,.jpg
D:\DisasterModel\train\wildfire\387.jpg,wildfire,.jpg
D:\DisasterModel\train\cyclone\133.jpg,cyclone,.jpg
D:\DisasterModel\train\cyclone\257.jpg,cyclone,.jpg
D:\DisasterModel\train\earthquake\59.jpg,earthquake,.jpg
D:\DisasterModel\validation\earthquake\471.jpg,earthquake,.jpg
D:\DisasterModel\test\flood\577.jpg,flood,.jpg
D:\DisasterModel\train\earthquake\152.jpg,earthquake,.jpg
D:\DisasterModel\train\cyclone\167.jpg,cyclone,.jpg
D:\DisasterModel\train\flood\5.jpg,flood,.jpg
D:\DisasterModel\train\cyclone\71.jpg,cyclone,.jpg
D:\DisasterModel\validation\earthquake\459.jpg,earthquake,.jpg
D:\DisasterModel\train\flood\269.jpg,flood,.jpg
D:\DisasterModel\train\earthquake\343.jpg,earthquake,.jpg
D:\DisasterModel\train\flood\194.jpg,flood,.jpg
D:\DisasterModel\validation\wildfire\497.jpg,wildfire,.jpg
D:\DisasterModel\train\flood\182.jpg,flood,.jpg
D:\DisasterModel\train\cyclone\261.jpg,cyclone,.jpg
D:\DisasterModel\test\flood\562.jpg,flood,.jpg
D:\DisasterModel\train\cyclone\100.jpg,cyclone,.jpg
D:\DisasterModel\train\wildfire\225.jpg,wildfire,.jpg
D:\DisasterModel\train\flood\76.jpg,flood,.jpg
D:\DisasterModel\validation\wildfire\438.jpg,wildfire,.jpg
D:\DisasterModel\validation\cyclone\473.jpg,cyclone,.jpg
D:\DisasterModel\train\flood\183.jpg,flood,.jpg
D:\DisasterModel\train\wildfire\221.jpg,wildfire,.jpg
D:\DisasterModel\validation\wildfire\469.jpg,wildfire,.jpg
D:\DisasterModel\train\earthquake\142.jpg,earthquake,.jpg
D:\DisasterModel\train\cyclone\321.jpg,cyclone,.jpg
D:\DisasterModel\train\flood\180.jpg,flood,.jpg
D:\DisasterModel\train\earthquake\388.jpg,earthquake,.jpg
D:\DisasterModel\train\earthquake\23.jpg,earthquake,.jpg
D:\DisasterModel\train\wildfire\283.jpg,wildfire,.jpg
D:\DisasterModel\validation\earthquake\474.jpg,earthquake,.jpg
D:\DisasterModel\train\flood\368.jpg,flood,.jpg
D:\DisasterModel\train\earthquake\84.jpg,earthquake,.jpg
D:\DisasterModel\train\earthquake\391.jpg,earthquake,.jpg
D:\DisasterModel\train\cyclone\66.jpg,cyclone,.jpg
D:\DisasterModel\test\flood\563.jpg,flood,.jpg
D:\DisasterModel\train\wildfire\86.jpg,wildfire,.jpg
D:\DisasterModel\train\flood\398.jpg,flood,.jpg
D:\DisasterModel\train\flood\164.jpg,flood,.jpg
D:\DisasterModel\train\flood\202.jpg,flood,.jpg
D:\DisasterModel\validation\cyclone\415.jpg,cyclone,.jpg
D:\DisasterModel\train\wildfire\311.jpg,wildfire,.jpg
D:\DisasterModel\train\earthquake\131.jpg,earthquake,.jpg
D:\DisasterModel\test\wildfire\526.jpg,wildfire,.jpg
D:\DisasterModel\train\wildfire\194.jpg,wildfire,.jpg
D:\DisasterModel\train\earthquake\166.jpg,earthquake,.jpg
D:\DisasterModel\train\cyclone\300.jpg,cyclone,.jpg
D:\DisasterModel\validation\flood\430.jpg,flood,.jpg
D:\DisasterModel\test\earthquake\594.jpg,earthquake,.jpg
D:\DisasterModel\train\earthquake\36.jpg,earthquake,.jpg
D:\DisasterModel\test\cyclone\501.jpg,cyclone,.jpg
D:\DisasterModel\train\cyclone\258.jpg,cyclone,.jpg
D:\DisasterModel\train\earthquake\239.jpg,earthquake,.jpg
D:\DisasterModel\test\wildfire\502.jpg,wildfire,.jpg
D:\DisasterModel\train\earthquake\292.jpg,earthquake,.jpg
D:\DisasterModel\train\cyclone\288.jpg,cyclone,.jpg
D:\DisasterModel\train\cyclone\168.jpg,cyclone,.jpg
D:\DisasterModel\test\wildfire\562.jpg,wildfire,.jpg
D:\DisasterModel\validation\wildfire\407.jpg,wildfire,.jpg
D:\DisasterModel\test\flood\594.jpg,flood,.jpg
D:\DisasterModel\train\earthquake\61.jpg,earthquake,.jpg
D:\DisasterModel\validation\cyclone\450.jpg,cyclone,.jpg
D:\DisasterModel\train\flood\234.jpg,flood,.jpg
D:\DisasterModel\train\earthquake\109.jpg,earthquake,.jpg
D:\DisasterModel\train\wildfire\333.jpg,wildfire,.jpg
D:\DisasterModel\test\wildfire\503.jpg,wildfire,.jpg
D:\DisasterModel\validation\flood\410.jpg,flood,.jpg
D:\DisasterModel\train\earthquake\365.jpg,earthquake,.jpg
D:\DisasterModel\train\flood\365.jpg,flood,.jpg
D:\DisasterModel\test\flood\566.jpg,flood,.jpg
D:\DisasterModel\train\wildfire\65.jpg,wildfire,.jpg
D:\DisasterModel\train\cyclone\41.jpg,cyclone,.jpg
D:\DisasterModel\test\flood\536.jpg,flood,.jpg
D:\DisasterModel\train\cyclone\79.jpg,cyclone,.jpg
D:\DisasterModel\train\earthquake\232.jpg,earthquake,.jpg
D:\DisasterModel\validation\flood\452.jpg,flood,.jpg
D:\DisasterModel\train\wildfire\298.jpg,wildfire,.jpg
D:\DisasterModel\train\wildfire\90.jpg,wildfire,.jpg
D:\DisasterModel\validation\cyclone\452.jpg,cyclone,.jpg
D:\DisasterModel\train\cyclone\263.jpg,cyclone,.jpg
D:\DisasterModel\train\flood\231.jpg,flood,.jpg
D:\DisasterModel\train\cyclone\36.jpg,cyclone,.jpg
D:\DisasterModel\train\cyclone\309.jpg,cyclone,.jpg
D:\DisasterModel\train\flood\273.jpg,flood,.jpg
D:\DisasterModel\train\flood\195.jpg,flood,.jpg
D:\DisasterModel\train\earthquake\2.jpg,earthquake,.jpg
D:\DisasterModel\train\cyclone\237.jpg,cyclone,.jpg
D:\DisasterModel\train\flood\251.jpg,flood,.jpg
D:\DisasterModel\test\cyclone\591.jpg,cyclone,.jpg
D:\DisasterModel\train\cyclone\172.jpg,cyclone,.jpg
D:\DisasterModel\validation\wildfire\478.jpg,wildfire,.jpg
D:\DisasterModel\train\cyclone\37.jpg,cyclone,.jpg
D:\DisasterModel\test\flood\567.jpg,flood,.jpg
D:\DisasterModel\train\cyclone\236.jpg,cyclone,.jpg
D:\DisasterModel\train\wildfire\208.jpg,wildfire,.jpg
D:\DisasterModel\train\wildfire\364.jpg,wildfire,.jpg
D:\DisasterModel\train\earthquake\107.jpg,earthquake,.jpg
D:\DisasterModel\validation\flood\454.jpg,flood,.jpg
D:\DisasterModel\train\flood\0.jpg,flood,.jpg
D:\DisasterModel\train\cyclone\81.jpg,cyclone,.jpg
D:\DisasterModel\train\earthquake\347.jpg,earthquake,.jpg
D:\DisasterModel\train\cyclone\196.jpg,cyclone,.jpg
D:\DisasterModel\train\flood\297.jpg,flood,.jpg
D:\DisasterModel\train\cyclone\84.jpg,cyclone,.jpg
D:\DisasterModel\test\wildfire\508.jpg,wildfire,.jpg
D:\DisasterModel\train\flood\397.jpg,flood,.jpg
D:\DisasterModel\train\earthquake\356.jpg,earthquake,.jpg
D:\DisasterModel\train\flood\162.jpg,flood,.jpg
D:\DisasterModel\train\earthquake\31.jpg,earthquake,.jpg
D:\DisasterModel\test\wildfire\581.jpg,wildfire,.jpg
D:\DisasterModel\train\cyclone\58.jpg,cyclone,.jpg
D:\DisasterModel\validation\earthquake\433.jpg,earthquake,.jpg
D:\DisasterModel\train\cyclone\49.jpg,cyclone,.jpg
D:\DisasterModel\test\cyclone\518.jpg,cyclone,.jpg
D:\DisasterModel\train\earthquake\80.jpg,earthquake,.jpg
D:\DisasterModel\train\wildfire\118.jpg,wildfire,.jpg
D:\DisasterModel\validation\earthquake\403.jpg,earthquake,.jpg
D:\DisasterModel\validation\flood\474.jpg,flood,.jpg
D:\DisasterModel\train\cyclone\323.jpg,cyclone,.jpg
D:\DisasterModel\test\wildfire\519.jpg,wildfire,.jpg
D:\DisasterModel\test\cyclone\596.jpg,cyclone,.jpg
D:\DisasterModel\train\cyclone\208.jpg,cyclone,.jpg
D:\DisasterModel\train\cyclone\343.jpg,cyclone,.jpg
D:\DisasterModel\train\wildfire\29.jpg,wildfire,.jpg
D:\DisasterModel\train\wildfire\22.jpg,wildfire,.jpg
D:\DisasterModel\validation\earthquake\468.jpg,earthquake,.jpg
D:\DisasterModel\validation\earthquake\429.jpg,earthquake,.jpg
D:\DisasterModel\test\flood\517.jpg,flood,.jpg
D:\DisasterModel\train\cyclone\381.jpg,cyclone,.jpg
D:\DisasterModel\train\earthquake\47.jpg,earthquake,.jpg
D:\DisasterModel\test\wildfire\574.jpg,wildfire,.jpg
D:\DisasterModel\train\flood\249.jpg,flood,.jpg
D:\DisasterModel\test\earthquake\546.jpg,earthquake,.jpg
D:\DisasterModel\train\flood\271.jpg,flood,.jpg
D:\DisasterModel\train\earthquake\19.jpg,earthquake,.jpg
D:\DisasterModel\train\flood\330.jpg,flood,.jpg
D:\DisasterModel\train\wildfire\296.jpg,wildfire,.jpg
D:\DisasterModel\test\flood\519.jpg,flood,.jpg
D:\DisasterModel\test\earthquake\539.jpg,earthquake,.jpg
D:\DisasterModel\train\earthquake\390.jpg,earthquake,.jpg
D:\DisasterModel\train\cyclone\262.jpg,cyclone,.jpg
D:\DisasterModel\train\flood\360.jpg,flood,.jpg
D:\DisasterModel\train\earthquake\13.jpg,earthquake,.jpg
D:\DisasterModel\train\flood\163.jpg,flood,.jpg
D:\DisasterModel\test\cyclone\570.jpg,cyclone,.jpg
D:\DisasterModel\test\wildfire\554.jpg,wildfire,.jpg
D:\DisasterModel\train\wildfire\274.jpg,wildfire,.jpg
D:\DisasterModel\test\cyclone\555.jpg,cyclone,.jpg
D:\DisasterModel\train\wildfire\102.jpg,wildfire,.jpg
D:\DisasterModel\test\earthquake\529.jpg,earthquake,.jpg
D:\DisasterModel\train\flood\378.jpg,flood,.jpg
D:\DisasterModel\train\flood\188.jpg,flood,.jpg
D:\DisasterModel\train\earthquake\93.jpg,earthquake,.jpg
D:\DisasterModel\test\earthquake\598.jpg,earthquake,.jpg
D:\DisasterModel\train\cyclone\119.jpg,cyclone,.jpg
D:\DisasterModel\train\flood\295.jpg,flood,.jpg
D:\DisasterModel\test\wildfire\533.jpg,wildfire,.jpg
D:\DisasterModel\train\earthquake\159.jpg,earthquake,.jpg
D:\DisasterModel\test\earthquake\550.jpg,earthquake,.jpg
D:\DisasterModel\train\cyclone\272.jpg,cyclone,.jpg
D:\DisasterModel\validation\earthquake\448.jpg,earthquake,.jpg
D:\DisasterModel\train\earthquake\81.jpg,earthquake,.jpg
D:\DisasterModel\train\wildfire\142.jpg,wildfire,.jpg
D:\DisasterModel\train\earthquake\233.jpg,earthquake,.jpg
D:\DisasterModel\train\flood\64.jpg,flood,.jpg
D:\DisasterModel\train\cyclone\4.jpg,cyclone,.jpg
D:\DisasterModel\train\flood\351.jpg,flood,.jpg
D:\DisasterModel\test\cyclone\565.jpg,cyclone,.jpg
D:\DisasterModel\train\cyclone\139.jpg,cyclone,.jpg
D:\DisasterModel\test\wildfire\570.jpg,wildfire,.jpg
D:\DisasterModel\train\earthquake\308.jpg,earthquake,.jpg
D:\DisasterModel\train\flood\371.jpg,flood,.jpg
D:\DisasterModel\test\earthquake\584.jpg,earthquake,.jpg
D:\DisasterModel\train\earthquake\396.jpg,earthquake,.jpg
D:\DisasterModel\train\cyclone\228.jpg,cyclone,.jpg
D:\DisasterModel\train\wildfire\96.jpg,wildfire,.jpg
D:\DisasterModel\train\earthquake\34.jpg,earthquake,.jpg
D:\DisasterModel\train\cyclone\173.jpg,cyclone,.jpg
D:\DisasterModel\validation\flood\404.jpg,flood,.jpg
D:\DisasterModel\train\flood\190.jpg,flood,.jpg
D:\DisasterModel\test\earthquake\575.jpg,earthquake,.jpg
D:\DisasterModel\train\wildfire\204.jpg,wildfire,.jpg
D:\DisasterModel\train\wildfire\57.jpg,wildfire,.jpg
D:\DisasterModel\validation\flood\486.jpg,flood,.jpg
D:\DisasterModel\test\earthquake\533.jpg,earthquake,.jpg
D:\DisasterModel\validation\earthquake\406.jpg,earthquake,.jpg
D:\DisasterModel\validation\flood\464.jpg,flood,.jpg
D:\DisasterModel\train\earthquake\135.jpg,earthquake,.jpg
D:\DisasterModel\validation\earthquake\457.jpg,earthquake,.jpg
D:\DisasterModel\test\earthquake\554.jpg,earthquake,.jpg
D:\DisasterModel\train\cyclone\304.jpg,cyclone,.jpg
D:\DisasterModel\train\wildfire\41.jpg,wildfire,.jpg
D:\DisasterModel\test\wildfire\527.jpg,wildfire,.jpg
D:\DisasterModel\train\earthquake\149.jpg,earthquake,.jpg
D:\DisasterModel\train\wildfire\252.jpg,wildfire,.jpg
D:\DisasterModel\test\wildfire\505.jpg,wildfire,.jpg
D:\DisasterModel\train\wildfire\216.jpg,wildfire,.jpg
D:\DisasterModel\train\earthquake\205.jpg,earthquake,.jpg
D:\DisasterModel\train\wildfire\196.jpg,wildfire,.jpg
D:\DisasterModel\train\flood\352.jpg,flood,.jpg
D:\DisasterModel\train\cyclone\249.jpg,cyclone,.jpg
D:\DisasterModel\train\cyclone\104.jpg,cyclone,.jpg
D:\DisasterModel\train\earthquake\221.jpg,earthquake,.jpg
D:\DisasterModel\validation\wildfire\474.jpg,wildfire,.jpg
D:\DisasterModel\train\flood\306.jpg,flood,.jpg
D:\DisasterModel\test\flood\557.jpg,flood,.jpg
D:\DisasterModel\train\flood\364.jpg,flood,.jpg
D:\DisasterModel\train\wildfire\289.jpg,wildfire,.jpg
D:\DisasterModel\train\wildfire\39.jpg,wildfire,.jpg
D:\DisasterModel\train\earthquake\341.jpg,earthquake,.jpg
D:\DisasterModel\train\cyclone\30.jpg,cyclone,.jpg
D:\DisasterModel\train\wildfire\88.jpg,wildfire,.jpg
D:\DisasterModel\train\cyclone\118.jpg,cyclone,.jpg
D:\DisasterModel\train\earthquake\263.jpg,earthquake,.jpg
D:\DisasterModel\test\cyclone\543.jpg,cyclone,.jpg
D:\DisasterModel\train\wildfire\241.jpg,wildfire,.jpg
D:\DisasterModel\train\wildfire\154.jpg,wildfire,.jpg
D:\DisasterModel\train\wildfire\267.jpg,wildfire,.jpg
D:\DisasterModel\validation\flood\432.jpg,flood,.jpg
D:\DisasterModel\train\cyclone\350.jpg,cyclone,.jpg
D:\DisasterModel\train\flood\263.jpg,flood,.jpg
D:\DisasterModel\test\cyclone\569.jpg,cyclone,.jpg
D:\DisasterModel\train\wildfire\15.jpg,wildfire,.jpg
D:\DisasterModel\train\flood\317.jpg,flood,.jpg
D:\DisasterModel\train\wildfire\158.jpg,wildfire,.jpg
D:\DisasterModel\test\flood\521.jpg,flood,.jpg
D:\DisasterModel\test\earthquake\513.jpg,earthquake,.jpg
D:\DisasterModel\train\cyclone\204.jpg,cyclone,.jpg
D:\DisasterModel\validation\earthquake\479.jpg,earthquake,.jpg
D:\DisasterModel\train\earthquake\176.jpg,earthquake,.jpg
D:\DisasterModel\test\earthquake\532.jpg,earthquake,.jpg
D:\DisasterModel\train\wildfire\112.jpg,wildfire,.jpg
D:\DisasterModel\train\earthquake\252.jpg,earthquake,.jpg
D:\DisasterModel\train\earthquake\243.jpg,earthquake,.jpg
D:\DisasterModel\train\earthquake\182.jpg,earthquake,.jpg
D:\DisasterModel\test\earthquake\557.jpg,earthquake,.jpg
D:\DisasterModel\train\wildfire\113.jpg,wildfire,.jpg
D:\DisasterModel\train\flood\281.jpg,flood,.jpg
D:\DisasterModel\train\cyclone\14.jpg,cyclone,.jpg
D:\DisasterModel\test\cyclone\588.jpg,cyclone,.jpg
D:\DisasterModel\train\wildfire\95.jpg,wildfire,.jpg
D:\DisasterModel\test\earthquake\587.jpg,earthquake,.jpg
D:\DisasterModel\train\earthquake\259.jpg,earthquake,.jpg
D:\DisasterModel\train\flood\225.jpg,flood,.jpg
D:\DisasterModel\train\earthquake\245.jpg,earthquake,.jpg
D:\DisasterModel\train\cyclone\53.jpg,cyclone,.jpg
D:\DisasterModel\train\cyclone\76.jpg,cyclone,.jpg
D:\DisasterModel\train\cyclone\175.jpg,cyclone,.jpg
D:\DisasterModel\train\flood\369.jpg,flood,.jpg
D:\DisasterModel\train\wildfire\165.jpg,wildfire,.jpg
D:\DisasterModel\test\flood\598.jpg,flood,.jpg
D:\DisasterModel\train\earthquake\337.jpg,earthquake,.jpg
D:\DisasterModel\validation\earthquake\451.jpg,earthquake,.jpg
D:\DisasterModel\train\wildfire\320.jpg,wildfire,.jpg
D:\DisasterModel\train\cyclone\50.jpg,cyclone,.jpg
D:\DisasterModel\train\cyclone\19.jpg,cyclone,.jpg
D:\DisasterModel\train\cyclone\2.jpg,cyclone,.jpg
D:\DisasterModel\test\wildfire\575.jpg,wildfire,.jpg
D:\DisasterModel\train\cyclone\195.jpg,cyclone,.jpg
D:\DisasterModel\train\flood\346.jpg,flood,.jpg
D:\DisasterModel\train\cyclone\205.jpg,cyclone,.jpg
D:\DisasterModel\train\earthquake\342.jpg,earthquake,.jpg
D:\DisasterModel\validation\wildfire\430.jpg,wildfire,.jpg
D:\DisasterModel\train\cyclone\163.jpg,cyclone,.jpg
D:\DisasterModel\train\flood\178.jpg,flood,.jpg
D:\DisasterModel\train\cyclone\281.jpg,cyclone,.jpg
D:\DisasterModel\train\wildfire\219.jpg,wildfire,.jpg
D:\DisasterModel\train\cyclone\24.jpg,cyclone,.jpg
D:\DisasterModel\validation\earthquake\473.jpg,earthquake,.jpg
D:\DisasterModel\validation\flood\495.jpg,flood,.jpg
D:\DisasterModel\validation\earthquake\467.jpg,earthquake,.jpg
D:\DisasterModel\test\wildfire\576.jpg,wildfire,.jpg
D:\DisasterModel\train\flood\119.jpg,flood,.jpg
D:\DisasterModel\train\earthquake\285.jpg,earthquake,.jpg
D:\DisasterModel\test\flood\524.jpg,flood,.jpg
D:\DisasterModel\train\cyclone\96.jpg,cyclone,.jpg
D:\DisasterModel\validation\earthquake\481.jpg,earthquake,.jpg
D:\DisasterModel\test\earthquake\538.jpg,earthquake,.jpg
D:\DisasterModel\train\wildfire\47.jpg,wildfire,.jpg
D:\DisasterModel\test\wildfire\599.jpg,wildfire,.jpg
D:\DisasterModel\train\wildfire\346.jpg,wildfire,.jpg
D:\DisasterModel\train\flood\345.jpg,flood,.jpg
D:\DisasterModel\train\earthquake\1.jpg,earthquake,.jpg
D:\DisasterModel\train\wildfire\326.jpg,wildfire,.jpg
D:\DisasterModel\train\cyclone\77.jpg,cyclone,.jpg
D:\DisasterModel\train\flood\362.jpg,flood,.jpg
D:\DisasterModel\train\wildfire\268.jpg,wildfire,.jpg
D:\DisasterModel\train\cyclone\12.jpg,cyclone,.jpg
D:\DisasterModel\train\earthquake\165.jpg,earthquake,.jpg
D:\DisasterModel\train\flood\294.jpg,flood,.jpg
D:\DisasterModel\train\flood\342.jpg,flood,.jpg
D:\DisasterModel\test\cyclone\532.jpg,cyclone,.jpg
D:\DisasterModel\train\wildfire\51.jpg,wildfire,.jpg
D:\DisasterModel\train\cyclone\52.jpg,cyclone,.jpg
D:\DisasterModel\train\wildfire\230.jpg,wildfire,.jpg
D:\DisasterModel\train\flood\240.jpg,flood,.jpg
D:\DisasterModel\train\flood\253.jpg,flood,.jpg
D:\DisasterModel\validation\wildfire\476.jpg,wildfire,.jpg
D:\DisasterModel\train\earthquake\386.jpg,earthquake,.jpg
D:\DisasterModel\train\earthquake\394.jpg,earthquake,.jpg
D:\DisasterModel\test\earthquake\541.jpg,earthquake,.jpg
D:\DisasterModel\train\earthquake\389.jpg,earthquake,.jpg
D:\DisasterModel\train\cyclone\388.jpg,cyclone,.jpg
D:\DisasterModel\train\earthquake\174.jpg,earthquake,.jpg
D:\DisasterModel\validation\earthquake\443.jpg,earthquake,.jpg
D:\DisasterModel\train\cyclone\367.jpg,cyclone,.jpg
D:\DisasterModel\train\earthquake\203.jpg,earthquake,.jpg
D:\DisasterModel\train\earthquake\310.jpg,earthquake,.jpg
D:\DisasterModel\train\cyclone\111.jpg,cyclone,.jpg
D:\DisasterModel\train\earthquake\128.jpg,earthquake,.jpg
D:\DisasterModel\train\flood\387.jpg,flood,.jpg
D:\DisasterModel\train\wildfire\270.jpg,wildfire,.jpg
D:\DisasterModel\train\cyclone\70.jpg,cyclone,.jpg
D:\DisasterModel\train\cyclone\143.jpg,cyclone,.jpg
D:\DisasterModel\train\wildfire\373.jpg,wildfire,.jpg
D:\DisasterModel\train\flood\280.jpg,flood,.jpg
D:\DisasterModel\validation\wildfire\471.jpg,wildfire,.jpg
D:\DisasterModel\train\wildfire\78.jpg,wildfire,.jpg
D:\DisasterModel\train\wildfire\281.jpg,wildfire,.jpg
D:\DisasterModel\train\wildfire\91.jpg,wildfire,.jpg
D:\DisasterModel\train\flood\326.jpg,flood,.jpg
D:\DisasterModel\train\cyclone\27.jpg,cyclone,.jpg
D:\DisasterModel\validation\wildfire\498.jpg,wildfire,.jpg
D:\DisasterModel\train\flood\339.jpg,flood,.jpg
D:\DisasterModel\train\earthquake\133.jpg,earthquake,.jpg
D:\DisasterModel\test\cyclone\578.jpg,cyclone,.jpg
D:\DisasterModel\train\cyclone\287.jpg,cyclone,.jpg
D:\DisasterModel\train\flood\179.jpg,flood,.jpg
D:\DisasterModel\train\wildfire\392.jpg,wildfire,.jpg
D:\DisasterModel\validation\earthquake\402.jpg,earthquake,.jpg
D:\DisasterModel\train\flood\290.jpg,flood,.jpg
D:\DisasterModel\validation\earthquake\453.jpg,earthquake,.jpg
D:\DisasterModel\train\earthquake\331.jpg,earthquake,.jpg
D:\DisasterModel\validation\earthquake\442.jpg,earthquake,.jpg
D:\DisasterModel\train\flood\223.jpg,flood,.jpg
D:\DisasterModel\train\wildfire\266.jpg,wildfire,.jpg
D:\DisasterModel\validation\cyclone\431.jpg,cyclone,.jpg
D:\DisasterModel\train\flood\301.jpg,flood,.jpg
D:\DisasterModel\test\flood\573.jpg,flood,.jpg
D:\DisasterModel\test\cyclone\584.jpg,cyclone,.jpg
D:\DisasterModel\train\cyclone\370.jpg,cyclone,.jpg
D:\DisasterModel\validation\flood\458.jpg,flood,.jpg
D:\DisasterModel\train\cyclone\197.jpg,cyclone,.jpg
D:\DisasterModel\train\flood\122.jpg,flood,.jpg
D:\DisasterModel\validation\cyclone\409.jpg,cyclone,.jpg
D:\DisasterModel\train\flood\262.jpg,flood,.jpg
D:\DisasterModel\validation\earthquake\422.jpg,earthquake,.jpg
D:\DisasterModel\train\cyclone\151.jpg,cyclone,.jpg
D:\DisasterModel\train\cyclone\99.jpg,cyclone,.jpg
D:\DisasterModel\train\wildfire\143.jpg,wildfire,.jpg
D:\DisasterModel\validation\earthquake\410.jpg,earthquake,.jpg
D:\DisasterModel\train\cyclone\192.jpg,cyclone,.jpg
D:\DisasterModel\validation\wildfire\402.jpg,wildfire,.jpg
D:\DisasterModel\train\earthquake\148.jpg,earthquake,.jpg
D:\DisasterModel\train\flood\41.jpg,flood,.jpg
D:\DisasterModel\train\earthquake\122.jpg,earthquake,.jpg
D:\DisasterModel\validation\cyclone\426.jpg,cyclone,.jpg
D:\DisasterModel\test\earthquake\506.jpg,earthquake,.jpg
D:\DisasterModel\train\flood\396.jpg,flood,.jpg
D:\DisasterModel\train\wildfire\109.jpg,wildfire,.jpg
D:\DisasterModel\validation\flood\407.jpg,flood,.jpg
D:\DisasterModel\test\wildfire\586.jpg,wildfire,.jpg
D:\DisasterModel\train\wildfire\16.jpg,wildfire,.jpg
D:\DisasterModel\train\cyclone\225.jpg,cyclone,.jpg
D:\DisasterModel\train\cyclone\220.jpg,cyclone,.jpg
D:\DisasterModel\train\wildfire\275.jpg,wildfire,.jpg
D:\DisasterModel\train\cyclone\286.jpg,cyclone,.jpg
D:\DisasterModel\train\cyclone\378.jpg,cyclone,.jpg
D:\DisasterModel\train\flood\37.jpg,flood,.jpg
D:\DisasterModel\train\earthquake\367.jpg,earthquake,.jpg
D:\DisasterModel\test\wildfire\504.jpg,wildfire,.jpg
D:\DisasterModel\test\cyclone\511.jpg,cyclone,.jpg
D:\DisasterModel\train\earthquake\40.jpg,earthquake,.jpg
D:\DisasterModel\train\cyclone\83.jpg,cyclone,.jpg
D:\DisasterModel\test\flood\571.jpg,flood,.jpg
D:\DisasterModel\train\wildfire\360.jpg,wildfire,.jpg
D:\DisasterModel\train\earthquake\30.jpg,earthquake,.jpg
D:\DisasterModel\test\flood\565.jpg,flood,.jpg
D:\DisasterModel\train\cyclone\176.jpg,cyclone,.jpg
D:\DisasterModel\validation\cyclone\479.jpg,cyclone,.jpg
D:\DisasterModel\train\flood\191.jpg,flood,.jpg
D:\DisasterModel\validation\flood\446.jpg,flood,.jpg
D:\DisasterModel\train\earthquake\5.jpg,earthquake,.jpg
D:\DisasterModel\train\earthquake\170.jpg,earthquake,.jpg
D:\DisasterModel\test\flood\518.jpg,flood,.jpg
D:\DisasterModel\validation\wildfire\449.jpg,wildfire,.jpg
D:\DisasterModel\train\cyclone\16.jpg,cyclone,.jpg
D:\DisasterModel\validation\earthquake\489.jpg,earthquake,.jpg
D:\DisasterModel\train\earthquake\49.jpg,earthquake,.jpg
D:\DisasterModel\train\cyclone\342.jpg,cyclone,.jpg
D:\DisasterModel\train\cyclone\45.jpg,cyclone,.jpg
D:\DisasterModel\train\cyclone\31.jpg,cyclone,.jpg
D:\DisasterModel\test\cyclone\536.jpg,cyclone,.jpg
D:\DisasterModel\train\flood\210.jpg,flood,.jpg
D:\DisasterModel\train\wildfire\381.jpg,wildfire,.jpg
D:\DisasterModel\validation\flood\483.jpg,flood,.jpg
D:\DisasterModel\train\earthquake\155.jpg,earthquake,.jpg
D:\DisasterModel\train\earthquake\209.jpg,earthquake,.jpg
D:\DisasterModel\train\flood\40.jpg,flood,.jpg
D:\DisasterModel\train\flood\390.jpg,flood,.jpg
D:\DisasterModel\train\flood\215.jpg,flood,.jpg
D:\DisasterModel\train\wildfire\43.jpg,wildfire,.jpg
D:\DisasterModel\train\flood\68.jpg,flood,.jpg
D:\DisasterModel\train\cyclone\40.jpg,cyclone,.jpg
D:\DisasterModel\validation\cyclone\412.jpg,cyclone,.jpg
D:\DisasterModel\validation\flood\414.jpg,flood,.jpg
D:\DisasterModel\train\earthquake\24.jpg,earthquake,.jpg
D:\DisasterModel\train\flood\16.jpg,flood,.jpg
D:\DisasterModel\train\wildfire\38.jpg,wildfire,.jpg
D:\DisasterModel\train\cyclone\278.jpg,cyclone,.jpg
D:\DisasterModel\test\flood\579.jpg,flood,.jpg
D:\DisasterModel\train\flood\379.jpg,flood,.jpg
D:\DisasterModel\test\cyclone\579.jpg,cyclone,.jpg
D:\DisasterModel\train\flood\36.jpg,flood,.jpg
D:\DisasterModel\train\cyclone\3.jpg,cyclone,.jpg
D:\DisasterModel\train\wildfire\10.jpg,wildfire,.jpg
D:\DisasterModel\train\cyclone\391.jpg,cyclone,.jpg
D:\DisasterModel\train\cyclone\365.jpg,cyclone,.jpg
D:\DisasterModel\train\cyclone\60.jpg,cyclone,.jpg
D:\DisasterModel\train\flood\118.jpg,flood,.jpg
D:\DisasterModel\validation\flood\415.jpg,flood,.jpg
D:\DisasterModel\train\flood\389.jpg,flood,.jpg
D:\DisasterModel\train\wildfire\141.jpg,wildfire,.jpg
D:\DisasterModel\train\earthquake\83.jpg,earthquake,.jpg
D:\DisasterModel\train\earthquake\273.jpg,earthquake,.jpg
D:\DisasterModel\test\wildfire\550.jpg,wildfire,.jpg
D:\DisasterModel\train\cyclone\384.jpg,cyclone,.jpg
D:\DisasterModel\validation\cyclone\470.jpg,cyclone,.jpg
D:\DisasterModel\test\flood\530.jpg,flood,.jpg
D:\DisasterModel\validation\flood\402.jpg,flood,.jpg
D:\DisasterModel\train\flood\370.jpg,flood,.jpg
D:\DisasterModel\train\cyclone\313.jpg,cyclone,.jpg
D:\DisasterModel\train\earthquake\306.jpg,earthquake,.jpg
D:\DisasterModel\train\wildfire\291.jpg,wildfire,.jpg
D:\DisasterModel\test\earthquake\544.jpg,earthquake,.jpg
D:\DisasterModel\validation\wildfire\494.jpg,wildfire,.jpg
D:\DisasterModel\train\cyclone\171.jpg,cyclone,.jpg
D:\DisasterModel\test\flood\510.jpg,flood,.jpg
D:\DisasterModel\train\wildfire\279.jpg,wildfire,.jpg
D:\DisasterModel\train\earthquake\12.jpg,earthquake,.jpg
D:\DisasterModel\test\flood\527.jpg,flood,.jpg
D:\DisasterModel\train\wildfire\243.jpg,wildfire,.jpg
D:\DisasterModel\validation\wildfire\493.jpg,wildfire,.jpg
D:\DisasterModel\train\wildfire\345.jpg,wildfire,.jpg
D:\DisasterModel\train\cyclone\221.jpg,cyclone,.jpg
D:\DisasterModel\train\cyclone\38.jpg,cyclone,.jpg
D:\DisasterModel\train\cyclone\35.jpg,cyclone,.jpg
D:\DisasterModel\train\flood\101.jpg,flood,.jpg
D:\DisasterModel\test\earthquake\576.jpg,earthquake,.jpg
D:\DisasterModel\train\earthquake\100.jpg,earthquake,.jpg
D:\DisasterModel\train\flood\60.jpg,flood,.jpg
D:\DisasterModel\validation\wildfire\479.jpg,wildfire,.jpg
D:\DisasterModel\train\cyclone\271.jpg,cyclone,.jpg
D:\DisasterModel\train\wildfire\287.jpg,wildfire,.jpg
D:\DisasterModel\train\cyclone\63.jpg,cyclone,.jpg
D:\DisasterModel\test\flood\593.jpg,flood,.jpg
D:\DisasterModel\train\earthquake\65.jpg,earthquake,.jpg
D:\DisasterModel\train\wildfire\250.jpg,wildfire,.jpg
D:\DisasterModel\validation\flood\412.jpg,flood,.jpg
D:\DisasterModel\validation\wildfire\424.jpg,wildfire,.jpg
D:\DisasterModel\train\cyclone\211.jpg,cyclone,.jpg
D:\DisasterModel\train\cyclone\268.jpg,cyclone,.jpg
D:\DisasterModel\test\flood\532.jpg,flood,.jpg
D:\DisasterModel\train\wildfire\359.jpg,wildfire,.jpg
D:\DisasterModel\train\wildfire\389.jpg,wildfire,.jpg
D:\DisasterModel\train\cyclone\266.jpg,cyclone,.jpg
D:\DisasterModel\train\flood\56.jpg,flood,.jpg
D:\DisasterModel\validation\cyclone\456.jpg,cyclone,.jpg
D:\DisasterModel\train\wildfire\115.jpg,wildfire,.jpg
D:\DisasterModel\train\earthquake\114.jpg,earthquake,.jpg
D:\DisasterModel\train\flood\1.jpg,flood,.jpg
D:\DisasterModel\train\flood\181.jpg,flood,.jpg
D:\DisasterModel\train\flood\340.jpg,flood,.jpg
D:\DisasterModel\train\flood\19.jpg,flood,.jpg
D:\DisasterModel\train\cyclone\250.jpg,cyclone,.jpg
D:\DisasterModel\train\wildfire\92.jpg,wildfire,.jpg
D:\DisasterModel\train\flood\152.jpg,flood,.jpg
D:\DisasterModel\train\cyclone\355.jpg,cyclone,.jpg
D:\DisasterModel\train\wildfire\20.jpg,wildfire,.jpg
D:\DisasterModel\train\cyclone\296.jpg,cyclone,.jpg
D:\DisasterModel\test\cyclone\595.jpg,cyclone,.jpg
D:\DisasterModel\train\flood\220.jpg,flood,.jpg
D:\DisasterModel\train\cyclone\265.jpg,cyclone,.jpg
D:\DisasterModel\train\earthquake\190.jpg,earthquake,.jpg
D:\DisasterModel\train\flood\132.jpg,flood,.jpg
D:\DisasterModel\train\wildfire\171.jpg,wildfire,.jpg
D:\DisasterModel\validation\cyclone\447.jpg,cyclone,.jpg
D:\DisasterModel\train\cyclone\285.jpg,cyclone,.jpg
D:\DisasterModel\train\earthquake\212.jpg,earthquake,.jpg
D:\DisasterModel\train\earthquake\181.jpg,earthquake,.jpg
D:\DisasterModel\test\flood\596.jpg,flood,.jpg
D:\DisasterModel\train\wildfire\308.jpg,wildfire,.jpg
D:\DisasterModel\train\cyclone\216.jpg,cyclone,.jpg
D:\DisasterModel\train\earthquake\380.jpg,earthquake,.jpg
D:\DisasterModel\train\earthquake\345.jpg,earthquake,.jpg
D:\DisasterModel\train\cyclone\85.jpg,cyclone,.jpg
D:\DisasterModel\train\wildfire\249.jpg,wildfire,.jpg
D:\DisasterModel\train\cyclone\157.jpg,cyclone,.jpg
D:\DisasterModel\train\flood\131.jpg,flood,.jpg
D:\DisasterModel\train\earthquake\374.jpg,earthquake,.jpg
D:\DisasterModel\test\flood\505.jpg,flood,.jpg
D:\DisasterModel\validation\wildfire\490.jpg,wildfire,.jpg
D:\DisasterModel\validation\flood\435.jpg,flood,.jpg
D:\DisasterModel\train\cyclone\160.jpg,cyclone,.jpg
D:\DisasterModel\validation\flood\473.jpg,flood,.jpg
D:\DisasterModel\train\earthquake\240.jpg,earthquake,.jpg
D:\DisasterModel\train\wildfire\168.jpg,wildfire,.jpg
D:\DisasterModel\validation\flood\420.jpg,flood,.jpg
D:\DisasterModel\train\cyclone\107.jpg,cyclone,.jpg
D:\DisasterModel\train\earthquake\340.jpg,earthquake,.jpg
D:\DisasterModel\train\cyclone\218.jpg,cyclone,.jpg
D:\DisasterModel\validation\cyclone\424.jpg,cyclone,.jpg
D:\DisasterModel\train\flood\149.jpg,flood,.jpg
D:\DisasterModel\validation\cyclone\499.jpg,cyclone,.jpg
D:\DisasterModel\train\flood\21.jpg,flood,.jpg
D:\DisasterModel\validation\wildfire\446.jpg,wildfire,.jpg
D:\DisasterModel\test\earthquake\565.jpg,earthquake,.jpg
D:\DisasterModel\train\wildfire\123.jpg,wildfire,.jpg
D:\DisasterModel\train\earthquake\121.jpg,earthquake,.jpg
D:\DisasterModel\validation\wildfire\422.jpg,wildfire,.jpg
D:\DisasterModel\train\wildfire\350.jpg,wildfire,.jpg
D:\DisasterModel\test\wildfire\573.jpg,wildfire,.jpg
D:\DisasterModel\train\cyclone\395.jpg,cyclone,.jpg
D:\DisasterModel\train\flood\380.jpg,flood,.jpg
D:\DisasterModel\train\earthquake\50.jpg,earthquake,.jpg
D:\DisasterModel\train\cyclone\357.jpg,cyclone,.jpg
D:\DisasterModel\train\flood\341.jpg,flood,.jpg
D:\DisasterModel\validation\cyclone\403.jpg,cyclone,.jpg
D:\DisasterModel\train\earthquake\150.jpg,earthquake,.jpg
D:\DisasterModel\validation\earthquake\485.jpg,earthquake,.jpg
D:\DisasterModel\train\earthquake\327.jpg,earthquake,.jpg
D:\DisasterModel\train\cyclone\227.jpg,cyclone,.jpg
D:\DisasterModel\train\wildfire\133.jpg,wildfire,.jpg
D:\DisasterModel\validation\cyclone\437.jpg,cyclone,.jpg
D:\DisasterModel\validation\earthquake\476.jpg,earthquake,.jpg
D:\DisasterModel\validation\cyclone\423.jpg,cyclone,.jpg
D:\DisasterModel\train\cyclone\39.jpg,cyclone,.jpg
D:\DisasterModel\test\cyclone\567.jpg,cyclone,.jpg
D:\DisasterModel\test\flood\582.jpg,flood,.jpg
D:\DisasterModel\validation\flood\411.jpg,flood,.jpg
D:\DisasterModel\validation\flood\450.jpg,flood,.jpg
D:\DisasterModel\train\cyclone\224.jpg,cyclone,.jpg
D:\DisasterModel\train\flood\189.jpg,flood,.jpg
D:\DisasterModel\validation\flood\471.jpg,flood,.jpg
D:\DisasterModel\train\earthquake\117.jpg,earthquake,.jpg
D:\DisasterModel\train\cyclone\131.jpg,cyclone,.jpg
D:\DisasterModel\train\flood\221.jpg,flood,.jpg
D:\DisasterModel\train\wildfire\156.jpg,wildfire,.jpg
D:\DisasterModel\train\flood\83.jpg,flood,.jpg
D:\DisasterModel\train\cyclone\149.jpg,cyclone,.jpg
D:\DisasterModel\validation\flood\403.jpg,flood,.jpg
D:\DisasterModel\train\flood\203.jpg,flood,.jpg
D:\DisasterModel\train\earthquake\317.jpg,earthquake,.jpg
D:\DisasterModel\validation\flood\459.jpg,flood,.jpg
D:\DisasterModel\validation\cyclone\420.jpg,cyclone,.jpg
D:\DisasterModel\train\earthquake\62.jpg,earthquake,.jpg
D:\DisasterModel\train\cyclone\235.jpg,cyclone,.jpg
D:\DisasterModel\test\earthquake\524.jpg,earthquake,.jpg
D:\DisasterModel\train\wildfire\162.jpg,wildfire,.jpg
D:\DisasterModel\train\cyclone\276.jpg,cyclone,.jpg
D:\DisasterModel\train\flood\116.jpg,flood,.jpg
D:\DisasterModel\train\cyclone\356.jpg,cyclone,.jpg
D:\DisasterModel\train\cyclone\299.jpg,cyclone,.jpg
D:\DisasterModel\train\cyclone\311.jpg,cyclone,.jpg
D:\DisasterModel\train\wildfire\235.jpg,wildfire,.jpg
D:\DisasterModel\train\flood\388.jpg,flood,.jpg
D:\DisasterModel\train\wildfire\263.jpg,wildfire,.jpg
D:\DisasterModel\test\earthquake\571.jpg,earthquake,.jpg
D:\DisasterModel\train\flood\248.jpg,flood,.jpg
D:\DisasterModel\validation\flood\485.jpg,flood,.jpg
D:\DisasterModel\train\flood\139.jpg,flood,.jpg
D:\DisasterModel\test\earthquake\558.jpg,earthquake,.jpg
D:\DisasterModel\train\flood\314.jpg,flood,.jpg
D:\DisasterModel\train\wildfire\224.jpg,wildfire,.jpg
D:\DisasterModel\train\earthquake\329.jpg,earthquake,.jpg
D:\DisasterModel\validation\flood\453.jpg,flood,.jpg
D:\DisasterModel\train\flood\232.jpg,flood,.jpg
D:\DisasterModel\test\cyclone\512.jpg,cyclone,.jpg
D:\DisasterModel\validation\earthquake\411.jpg,earthquake,.jpg
D:\DisasterModel\train\cyclone\231.jpg,cyclone,.jpg
D:\DisasterModel\train\wildfire\170.jpg,wildfire,.jpg
D:\DisasterModel\train\flood\359.jpg,flood,.jpg
D:\DisasterModel\train\flood\285.jpg,flood,.jpg
D:\DisasterModel\test\cyclone\527.jpg,cyclone,.jpg
D:\DisasterModel\validation\earthquake\409.jpg,earthquake,.jpg
D:\DisasterModel\train\flood\99.jpg,flood,.jpg
D:\DisasterModel\train\cyclone\241.jpg,cyclone,.jpg
D:\DisasterModel\validation\wildfire\414.jpg,wildfire,.jpg
D:\DisasterModel\validation\wildfire\480.jpg,wildfire,.jpg
D:\DisasterModel\train\earthquake\383.jpg,earthquake,.jpg
D:\DisasterModel\train\wildfire\231.jpg,wildfire,.jpg
D:\DisasterModel\validation\wildfire\408.jpg,wildfire,.jpg
D:\DisasterModel\train\flood\315.jpg,flood,.jpg
D:\DisasterModel\train\earthquake\130.jpg,earthquake,.jpg
D:\DisasterModel\train\earthquake\266.jpg,earthquake,.jpg
D:\DisasterModel\train\wildfire\227.jpg,wildfire,.jpg
D:\DisasterModel\train\flood\211.jpg,flood,.jpg
D:\DisasterModel\train\earthquake\76.jpg,earthquake,.jpg
D:\DisasterModel\train\wildfire\261.jpg,wildfire,.jpg
D:\DisasterModel\train\cyclone\64.jpg,cyclone,.jpg
D:\DisasterModel\train\flood\217.jpg,flood,.jpg
D:\DisasterModel\train\cyclone\308.jpg,cyclone,.jpg
D:\DisasterModel\train\earthquake\311.jpg,earthquake,.jpg
D:\DisasterModel\test\flood\526.jpg,flood,.jpg
D:\DisasterModel\test\wildfire\594.jpg,wildfire,.jpg
D:\DisasterModel\train\wildfire\74.jpg,wildfire,.jpg
D:\DisasterModel\train\wildfire\137.jpg,wildfire,.jpg
D:\DisasterModel\test\wildfire\544.jpg,wildfire,.jpg
D:\DisasterModel\test\wildfire\509.jpg,wildfire,.jpg
D:\DisasterModel\validation\cyclone\481.jpg,cyclone,.jpg
D:\DisasterModel\train\earthquake\225.jpg,earthquake,.jpg
D:\DisasterModel\train\earthquake\42.jpg,earthquake,.jpg
D:\DisasterModel\validation\earthquake\425.jpg,earthquake,.jpg
D:\DisasterModel\test\earthquake\547.jpg,earthquake,.jpg
D:\DisasterModel\train\earthquake\33.jpg,earthquake,.jpg
D:\DisasterModel\validation\earthquake\480.jpg,earthquake,.jpg
D:\DisasterModel\train\cyclone\51.jpg,cyclone,.jpg
D:\DisasterModel\test\wildfire\598.jpg,wildfire,.jpg
D:\DisasterModel\train\flood\25.jpg,flood,.jpg
D:\DisasterModel\train\flood\27.jpg,flood,.jpg
D:\DisasterModel\train\earthquake\157.jpg,earthquake,.jpg
D:\DisasterModel\train\cyclone\57.jpg,cyclone,.jpg
D:\DisasterModel\validation\wildfire\450.jpg,wildfire,.jpg
D:\DisasterModel\test\earthquake\514.jpg,earthquake,.jpg
D:\DisasterModel\train\wildfire\355.jpg,wildfire,.jpg
D:\DisasterModel\test\cyclone\538.jpg,cyclone,.jpg
D:\DisasterModel\train\flood\9.jpg,flood,.jpg
D:\DisasterModel\train\cyclone\273.jpg,cyclone,.jpg
D:\DisasterModel\train\flood\256.jpg,flood,.jpg
D:\DisasterModel\train\cyclone\348.jpg,cyclone,.jpg
D:\DisasterModel\validation\flood\400.jpg,flood,.jpg
D:\DisasterModel\test\flood\504.jpg,flood,.jpg
D:\DisasterModel\train\cyclone\34.jpg,cyclone,.jpg
D:\DisasterModel\train\flood\7.jpg,flood,.jpg
D:\DisasterModel\train\earthquake\230.jpg,earthquake,.jpg
D:\DisasterModel\train\earthquake\185.jpg,earthquake,.jpg
D:\DisasterModel\train\flood\307.jpg,flood,.jpg
D:\DisasterModel\test\wildfire\517.jpg,wildfire,.jpg
D:\DisasterModel\test\flood\502.jpg,flood,.jpg
D:\DisasterModel\train\cyclone\345.jpg,cyclone,.jpg
D:\DisasterModel\validation\flood\456.jpg,flood,.jpg
D:\DisasterModel\validation\earthquake\458.jpg,earthquake,.jpg
D:\DisasterModel\train\flood\304.jpg,flood,.jpg
D:\DisasterModel\test\cyclone\572.jpg,cyclone,.jpg
D:\DisasterModel\train\cyclone\223.jpg,cyclone,.jpg
D:\DisasterModel\test\flood\552.jpg,flood,.jpg
D:\DisasterModel\train\flood\237.jpg,flood,.jpg
D:\DisasterModel\validation\wildfire\445.jpg,wildfire,.jpg
D:\DisasterModel\train\flood\127.jpg,flood,.jpg
D:\DisasterModel\test\flood\512.jpg,flood,.jpg
D:\DisasterModel\train\wildfire\258.jpg,wildfire,.jpg
D:\DisasterModel\validation\wildfire\473.jpg,wildfire,.jpg
D:\DisasterModel\train\flood\138.jpg,flood,.jpg
D:\DisasterModel\test\wildfire\531.jpg,wildfire,.jpg
D:\DisasterModel\train\flood\375.jpg,flood,.jpg
D:\DisasterModel\test\flood\538.jpg,flood,.jpg
D:\DisasterModel\train\earthquake\94.jpg,earthquake,.jpg
D:\DisasterModel\train\wildfire\371.jpg,wildfire,.jpg
D:\DisasterModel\train\flood\39.jpg,flood,.jpg
D:\DisasterModel\train\flood\107.jpg,flood,.jpg
D:\DisasterModel\train\earthquake\197.jpg,earthquake,.jpg
D:\DisasterModel\train\earthquake\262.jpg,earthquake,.jpg
D:\DisasterModel\validation\earthquake\437.jpg,earthquake,.jpg
D:\DisasterModel\train\flood\13.jpg,flood,.jpg
D:\DisasterModel\train\earthquake\194.jpg,earthquake,.jpg
D:\DisasterModel\train\cyclone\297.jpg,cyclone,.jpg
D:\DisasterModel\train\cyclone\89.jpg,cyclone,.jpg
D:\DisasterModel\test\wildfire\547.jpg,wildfire,.jpg
D:\DisasterModel\train\cyclone\185.jpg,cyclone,.jpg
D:\DisasterModel\train\wildfire\31.jpg,wildfire,.jpg
D:\DisasterModel\train\cyclone\165.jpg,cyclone,.jpg
D:\DisasterModel\train\wildfire\93.jpg,wildfire,.jpg
D:\DisasterModel\train\wildfire\25.jpg,wildfire,.jpg
D:\DisasterModel\train\wildfire\121.jpg,wildfire,.jpg
D:\DisasterModel\train\cyclone\334.jpg,cyclone,.jpg
D:\DisasterModel\train\earthquake\237.jpg,earthquake,.jpg
D:\DisasterModel\train\wildfire\336.jpg,wildfire,.jpg
D:\DisasterModel\validation\earthquake\494.jpg,earthquake,.jpg
D:\DisasterModel\train\wildfire\13.jpg,wildfire,.jpg
D:\DisasterModel\train\cyclone\26.jpg,cyclone,.jpg
D:\DisasterModel\train\earthquake\332.jpg,earthquake,.jpg
D:\DisasterModel\train\flood\270.jpg,flood,.jpg
D:\DisasterModel\train\wildfire\222.jpg,wildfire,.jpg
D:\DisasterModel\train\wildfire\309.jpg,wildfire,.jpg
D:\DisasterModel\train\wildfire\48.jpg,wildfire,.jpg
D:\DisasterModel\train\earthquake\222.jpg,earthquake,.jpg
D:\DisasterModel\train\earthquake\344.jpg,earthquake,.jpg
D:\DisasterModel\validation\flood\492.jpg,flood,.jpg
D:\DisasterModel\train\earthquake\199.jpg,earthquake,.jpg
D:\DisasterModel\train\earthquake\10.jpg,earthquake,.jpg
D:\DisasterModel\train\cyclone\152.jpg,cyclone,.jpg
D:\DisasterModel\validation\cyclone\495.jpg,cyclone,.jpg
D:\DisasterModel\test\wildfire\530.jpg,wildfire,.jpg
D:\DisasterModel\test\wildfire\513.jpg,wildfire,.jpg
D:\DisasterModel\train\earthquake\158.jpg,earthquake,.jpg
D:\DisasterModel\train\cyclone\373.jpg,cyclone,.jpg
D:\DisasterModel\train\wildfire\6.jpg,wildfire,.jpg
D:\DisasterModel\test\flood\561.jpg,flood,.jpg
D:\DisasterModel\train\wildfire\152.jpg,wildfire,.jpg
D:\DisasterModel\train\flood\382.jpg,flood,.jpg
D:\DisasterModel\test\cyclone\530.jpg,cyclone,.jpg
D:\DisasterModel\train\cyclone\306.jpg,cyclone,.jpg
D:\DisasterModel\train\earthquake\300.jpg,earthquake,.jpg
D:\DisasterModel\train\earthquake\267.jpg,earthquake,.jpg
D:\DisasterModel\test\cyclone\537.jpg,cyclone,.jpg
D:\DisasterModel\train\earthquake\360.jpg,earthquake,.jpg
D:\DisasterModel\train\wildfire\174.jpg,wildfire,.jpg
D:\DisasterModel\train\cyclone\132.jpg,cyclone,.jpg
D:\DisasterModel\test\wildfire\543.jpg,wildfire,.jpg
D:\DisasterModel\train\cyclone\182.jpg,cyclone,.jpg
D:\DisasterModel\train\earthquake\213.jpg,earthquake,.jpg
D:\DisasterModel\train\flood\33.jpg,flood,.jpg
D:\DisasterModel\validation\wildfire\435.jpg,wildfire,.jpg
D:\DisasterModel\validation\wildfire\451.jpg,wildfire,.jpg
D:\DisasterModel\validation\earthquake\464.jpg,earthquake,.jpg
D:\DisasterModel\train\flood\284.jpg,flood,.jpg
D:\DisasterModel\test\cyclone\539.jpg,cyclone,.jpg
D:\DisasterModel\test\earthquake\517.jpg,earthquake,.jpg
D:\DisasterModel\train\earthquake\200.jpg,earthquake,.jpg
D:\DisasterModel\train\wildfire\209.jpg,wildfire,.jpg
D:\DisasterModel\validation\cyclone\400.jpg,cyclone,.jpg
D:\DisasterModel\test\cyclone\564.jpg,cyclone,.jpg
D:\DisasterModel\train\cyclone\130.jpg,cyclone,.jpg
D:\DisasterModel\train\cyclone\366.jpg,cyclone,.jpg
D:\DisasterModel\validation\wildfire\454.jpg,wildfire,.jpg
D:\DisasterModel\validation\earthquake\423.jpg,earthquake,.jpg
D:\DisasterModel\train\earthquake\196.jpg,earthquake,.jpg
D:\DisasterModel\train\earthquake\235.jpg,earthquake,.jpg
D:\DisasterModel\train\flood\42.jpg,flood,.jpg
D:\DisasterModel\validation\flood\439.jpg,flood,.jpg
D:\DisasterModel\train\flood\110.jpg,flood,.jpg
D:\DisasterModel\test\wildfire\506.jpg,wildfire,.jpg
D:\DisasterModel\validation\earthquake\446.jpg,earthquake,.jpg
D:\DisasterModel\train\flood\292.jpg,flood,.jpg
D:\DisasterModel\train\flood\125.jpg,flood,.jpg
D:\DisasterModel\test\flood\535.jpg,flood,.jpg
D:\DisasterModel\train\wildfire\352.jpg,wildfire,.jpg
D:\DisasterModel\train\flood\57.jpg,flood,.jpg
D:\DisasterModel\train\earthquake\286.jpg,earthquake,.jpg
D:\DisasterModel\validation\flood\465.jpg,flood,.jpg
D:\DisasterModel\train\earthquake\299.jpg,earthquake,.jpg
D:\DisasterModel\train\earthquake\255.jpg,earthquake,.jpg
D:\DisasterModel\train\flood\193.jpg,flood,.jpg
D:\DisasterModel\test\cyclone\589.jpg,cyclone,.jpg
D:\DisasterModel\validation\flood\462.jpg,flood,.jpg
D:\DisasterModel\validation\cyclone\451.jpg,cyclone,.jpg
D:\DisasterModel\train\cyclone\326.jpg,cyclone,.jpg
D:\DisasterModel\test\flood\537.jpg,flood,.jpg
D:\DisasterModel\validation\earthquake\497.jpg,earthquake,.jpg
D:\DisasterModel\train\cyclone\72.jpg,cyclone,.jpg
D:\DisasterModel\train\wildfire\205.jpg,wildfire,.jpg
D:\DisasterModel\validation\earthquake\441.jpg,earthquake,.jpg
D:\DisasterModel\test\cyclone\577.jpg,cyclone,.jpg
D:\DisasterModel\train\wildfire\110.jpg,wildfire,.jpg
D:\DisasterModel\validation\cyclone\433.jpg,cyclone,.jpg
D:\DisasterModel\validation\wildfire\400.jpg,wildfire,.jpg
D:\DisasterModel\train\flood\316.jpg,flood,.jpg
D:\DisasterModel\train\earthquake\22.jpg,earthquake,.jpg
D:\DisasterModel\validation\flood\463.jpg,flood,.jpg
D:\DisasterModel\test\cyclone\580.jpg,cyclone,.jpg
D:\DisasterModel\test\flood\569.jpg,flood,.jpg
D:\DisasterModel\validation\flood\424.jpg,flood,.jpg
D:\DisasterModel\train\earthquake\294.jpg,earthquake,.jpg
D:\DisasterModel\test\earthquake\590.jpg,earthquake,.jpg
D:\DisasterModel\train\wildfire\385.jpg,wildfire,.jpg
D:\DisasterModel\train\flood\151.jpg,flood,.jpg
D:\DisasterModel\test\wildfire\559.jpg,wildfire,.jpg
D:\DisasterModel\train\wildfire\44.jpg,wildfire,.jpg
D:\DisasterModel\train\flood\289.jpg,flood,.jpg
D:\DisasterModel\validation\cyclone\438.jpg,cyclone,.jpg
D:\DisasterModel\train\earthquake\172.jpg,earthquake,.jpg
D:\DisasterModel\validation\flood\405.jpg,flood,.jpg
D:\DisasterModel\test\cyclone\598.jpg,cyclone,.jpg
D:\DisasterModel\train\wildfire\52.jpg,wildfire,.jpg
D:\DisasterModel\train\earthquake\287.jpg,earthquake,.jpg
D:\DisasterModel\train\cyclone\398.jpg,cyclone,.jpg
D:\DisasterModel\train\wildfire\237.jpg,wildfire,.jpg
D:\DisasterModel\train\wildfire\34.jpg,wildfire,.jpg
D:\DisasterModel\train\cyclone\206.jpg,cyclone,.jpg
D:\DisasterModel\validation\cyclone\487.jpg,cyclone,.jpg
D:\DisasterModel\train\wildfire\295.jpg,wildfire,.jpg
D:\DisasterModel\train\earthquake\215.jpg,earthquake,.jpg
D:\DisasterModel\train\earthquake\193.jpg,earthquake,.jpg
D:\DisasterModel\train\earthquake\39.jpg,earthquake,.jpg
D:\DisasterModel\train\wildfire\100.jpg,wildfire,.jpg
D:\DisasterModel\train\flood\121.jpg,flood,.jpg
D:\DisasterModel\validation\earthquake\472.jpg,earthquake,.jpg
D:\DisasterModel\train\earthquake\20.jpg,earthquake,.jpg
D:\DisasterModel\train\wildfire\21.jpg,wildfire,.jpg
D:\DisasterModel\validation\cyclone\449.jpg,cyclone,.jpg
D:\DisasterModel\test\cyclone\521.jpg,cyclone,.jpg
D:\DisasterModel\validation\flood\433.jpg,flood,.jpg
D:\DisasterModel\train\flood\228.jpg,flood,.jpg
D:\DisasterModel\validation\cyclone\443.jpg,cyclone,.jpg
D:\DisasterModel\train\wildfire\114.jpg,wildfire,.jpg
D:\DisasterModel\train\wildfire\306.jpg,wildfire,.jpg
D:\DisasterModel\test\earthquake\542.jpg,earthquake,.jpg
D:\DisasterModel\train\earthquake\111.jpg,earthquake,.jpg
D:\DisasterModel\train\flood\327.jpg,flood,.jpg
D:\DisasterModel\train\flood\344.jpg,flood,.jpg
D:\DisasterModel\validation\earthquake\463.jpg,earthquake,.jpg
D:\DisasterModel\train\cyclone\240.jpg,cyclone,.jpg
D:\DisasterModel\test\wildfire\522.jpg,wildfire,.jpg
D:\DisasterModel\validation\wildfire\434.jpg,wildfire,.jpg
D:\DisasterModel\validation\cyclone\480.jpg,cyclone,.jpg
D:\DisasterModel\train\earthquake\353.jpg,earthquake,.jpg
D:\DisasterModel\test\earthquake\573.jpg,earthquake,.jpg
D:\DisasterModel\train\flood\282.jpg,flood,.jpg
D:\DisasterModel\train\cyclone\198.jpg,cyclone,.jpg
D:\DisasterModel\train\wildfire\192.jpg,wildfire,.jpg
D:\DisasterModel\train\cyclone\21.jpg,cyclone,.jpg
D:\DisasterModel\train\earthquake\56.jpg,earthquake,.jpg
D:\DisasterModel\train\wildfire\35.jpg,wildfire,.jpg
D:\DisasterModel\test\flood\590.jpg,flood,.jpg
D:\DisasterModel\validation\cyclone\445.jpg,cyclone,.jpg
D:\DisasterModel\train\wildfire\7.jpg,wildfire,.jpg
D:\DisasterModel\validation\wildfire\483.jpg,wildfire,.jpg
D:\DisasterModel\test\flood\548.jpg,flood,.jpg
D:\DisasterModel\train\cyclone\379.jpg,cyclone,.jpg
D:\DisasterModel\train\earthquake\143.jpg,earthquake,.jpg
D:\DisasterModel\train\earthquake\346.jpg,earthquake,.jpg
D:\DisasterModel\train\flood\260.jpg,flood,.jpg
D:\DisasterModel\train\wildfire\128.jpg,wildfire,.jpg
D:\DisasterModel\test\earthquake\540.jpg,earthquake,.jpg
D:\DisasterModel\test\earthquake\548.jpg,earthquake,.jpg
D:\DisasterModel\train\wildfire\187.jpg,wildfire,.jpg
D:\DisasterModel\validation\wildfire\429.jpg,wildfire,.jpg
D:\DisasterModel\validation\flood\498.jpg,flood,.jpg
D:\DisasterModel\train\cyclone\141.jpg,cyclone,.jpg
D:\DisasterModel\train\flood\385.jpg,flood,.jpg
D:\DisasterModel\train\flood\366.jpg,flood,.jpg
D:\DisasterModel\train\wildfire\362.jpg,wildfire,.jpg
D:\DisasterModel\train\flood\318.jpg,flood,.jpg
D:\DisasterModel\train\flood\17.jpg,flood,.jpg
D:\DisasterModel\train\cyclone\67.jpg,cyclone,.jpg
D:\DisasterModel\validation\wildfire\485.jpg,wildfire,.jpg
D:\DisasterModel\validation\flood\445.jpg,flood,.jpg
D:\DisasterModel\train\wildfire\24.jpg,wildfire,.jpg
D:\DisasterModel\train\cyclone\318.jpg,cyclone,.jpg
D:\DisasterModel\test\flood\511.jpg,flood,.jpg
D:\DisasterModel\validation\wildfire\404.jpg,wildfire,.jpg
D:\DisasterModel\train\flood\322.jpg,flood,.jpg
D:\DisasterModel\validation\flood\467.jpg,flood,.jpg
D:\DisasterModel\train\wildfire\354.jpg,wildfire,.jpg
D:\DisasterModel\train\wildfire\199.jpg,wildfire,.jpg
D:\DisasterModel\test\earthquake\593.jpg,earthquake,.jpg
D:\DisasterModel\train\wildfire\358.jpg,wildfire,.jpg
D:\DisasterModel\validation\wildfire\487.jpg,wildfire,.jpg
D:\DisasterModel\test\earthquake\597.jpg,earthquake,.jpg
D:\DisasterModel\train\cyclone\385.jpg,cyclone,.jpg
D:\DisasterModel\train\earthquake\316.jpg,earthquake,.jpg
D:\DisasterModel\test\flood\514.jpg,flood,.jpg
D:\DisasterModel\train\earthquake\53.jpg,earthquake,.jpg
D:\DisasterModel\train\wildfire\394.jpg,wildfire,.jpg
D:\DisasterModel\train\flood\283.jpg,flood,.jpg
D:\DisasterModel\train\wildfire\140.jpg,wildfire,.jpg
D:\DisasterModel\train\cyclone\23.jpg,cyclone,.jpg
D:\DisasterModel\train\cyclone\174.jpg,cyclone,.jpg
D:\DisasterModel\test\cyclone\519.jpg,cyclone,.jpg
D:\DisasterModel\train\flood\70.jpg,flood,.jpg
D:\DisasterModel\train\flood\84.jpg,flood,.jpg
D:\DisasterModel\train\flood\156.jpg,flood,.jpg
D:\DisasterModel\train\cyclone\260.jpg,cyclone,.jpg
D:\DisasterModel\validation\earthquake\439.jpg,earthquake,.jpg
D:\DisasterModel\train\flood\399.jpg,flood,.jpg
D:\DisasterModel\train\wildfire\288.jpg,wildfire,.jpg
D:\DisasterModel\train\earthquake\314.jpg,earthquake,.jpg
D:\DisasterModel\train\flood\381.jpg,flood,.jpg
D:\DisasterModel\train\flood\160.jpg,flood,.jpg
D:\DisasterModel\test\earthquake\520.jpg,earthquake,.jpg
D:\DisasterModel\train\earthquake\242.jpg,earthquake,.jpg
D:\DisasterModel\test\earthquake\578.jpg,earthquake,.jpg
D:\DisasterModel\train\wildfire\3.jpg,wildfire,.jpg
D:\DisasterModel\train\flood\245.jpg,flood,.jpg
D:\DisasterModel\validation\flood\422.jpg,flood,.jpg
D:\DisasterModel\train\cyclone\368.jpg,cyclone,.jpg
D:\DisasterModel\train\flood\299.jpg,flood,.jpg
D:\DisasterModel\train\earthquake\169.jpg,earthquake,.jpg
D:\DisasterModel\train\flood\216.jpg,flood,.jpg
D:\DisasterModel\train\earthquake\398.jpg,earthquake,.jpg
D:\DisasterModel\train\flood\296.jpg,flood,.jpg
D:\DisasterModel\train\flood\374.jpg,flood,.jpg
D:\DisasterModel\train\flood\91.jpg,flood,.jpg
D:\DisasterModel\train\cyclone\115.jpg,cyclone,.jpg
D:\DisasterModel\test\flood\587.jpg,flood,.jpg
D:\DisasterModel\train\earthquake\161.jpg,earthquake,.jpg
D:\DisasterModel\train\cyclone\346.jpg,cyclone,.jpg
D:\DisasterModel\validation\wildfire\491.jpg,wildfire,.jpg
D:\DisasterModel\train\cyclone\113.jpg,cyclone,.jpg
D:\DisasterModel\train\earthquake\8.jpg,earthquake,.jpg
D:\DisasterModel\train\cyclone\146.jpg,cyclone,.jpg
D:\DisasterModel\train\earthquake\4.jpg,earthquake,.jpg
D:\DisasterModel\train\earthquake\140.jpg,earthquake,.jpg
D:\DisasterModel\train\wildfire\242.jpg,wildfire,.jpg
D:\DisasterModel\train\earthquake\119.jpg,earthquake,.jpg
D:\DisasterModel\train\earthquake\333.jpg,earthquake,.jpg
D:\DisasterModel\validation\wildfire\416.jpg,wildfire,.jpg
D:\DisasterModel\validation\flood\448.jpg,flood,.jpg
D:\DisasterModel\train\wildfire\349.jpg,wildfire,.jpg
D:\DisasterModel\train\wildfire\206.jpg,wildfire,.jpg
D:\DisasterModel\train\earthquake\384.jpg,earthquake,.jpg
D:\DisasterModel\train\flood\305.jpg,flood,.jpg
D:\DisasterModel\train\earthquake\201.jpg,earthquake,.jpg
D:\DisasterModel\validation\flood\494.jpg,flood,.jpg
D:\DisasterModel\validation\earthquake\417.jpg,earthquake,.jpg
D:\DisasterModel\train\wildfire\84.jpg,wildfire,.jpg
D:\DisasterModel\train\wildfire\32.jpg,wildfire,.jpg
D:\DisasterModel\train\earthquake\224.jpg,earthquake,.jpg
D:\DisasterModel\validation\cyclone\469.jpg,cyclone,.jpg
D:\DisasterModel\train\cyclone\183.jpg,cyclone,.jpg
D:\DisasterModel\train\earthquake\265.jpg,earthquake,.jpg
D:\DisasterModel\validation\earthquake\478.jpg,earthquake,.jpg
D:\DisasterModel\train\cyclone\25.jpg,cyclone,.jpg
D:\DisasterModel\validation\earthquake\466.jpg,earthquake,.jpg
D:\DisasterModel\train\flood\207.jpg,flood,.jpg
D:\DisasterModel\validation\cyclone\478.jpg,cyclone,.jpg
D:\DisasterModel\test\earthquake\564.jpg,earthquake,.jpg
D:\DisasterModel\test\earthquake\589.jpg,earthquake,.jpg
D:\DisasterModel\train\earthquake\57.jpg,earthquake,.jpg
D:\DisasterModel\validation\wildfire\475.jpg,wildfire,.jpg
D:\DisasterModel\train\flood\333.jpg,flood,.jpg
D:\DisasterModel\test\wildfire\545.jpg,wildfire,.jpg
D:\DisasterModel\train\wildfire\159.jpg,wildfire,.jpg
D:\DisasterModel\train\cyclone\161.jpg,cyclone,.jpg
D:\DisasterModel\train\cyclone\316.jpg,cyclone,.jpg
D:\DisasterModel\train\earthquake\322.jpg,earthquake,.jpg
D:\DisasterModel\test\flood\583.jpg,flood,.jpg
D:\DisasterModel\train\cyclone\247.jpg,cyclone,.jpg
D:\DisasterModel\train\earthquake\264.jpg,earthquake,.jpg
D:\DisasterModel\train\flood\49.jpg,flood,.jpg
D:\DisasterModel\test\earthquake\535.jpg,earthquake,.jpg
D:\DisasterModel\test\earthquake\536.jpg,earthquake,.jpg
D:\DisasterModel\train\earthquake\283.jpg,earthquake,.jpg
D:\DisasterModel\train\wildfire\178.jpg,wildfire,.jpg
D:\DisasterModel\train\wildfire\327.jpg,wildfire,.jpg
D:\DisasterModel\train\wildfire\101.jpg,wildfire,.jpg
D:\DisasterModel\train\cyclone\32.jpg,cyclone,.jpg
D:\DisasterModel\train\cyclone\200.jpg,cyclone,.jpg
D:\DisasterModel\train\earthquake\162.jpg,earthquake,.jpg
D:\DisasterModel\train\flood\288.jpg,flood,.jpg
D:\DisasterModel\train\cyclone\210.jpg,cyclone,.jpg
D:\DisasterModel\validation\wildfire\466.jpg,wildfire,.jpg
D:\DisasterModel\test\earthquake\568.jpg,earthquake,.jpg
D:\DisasterModel\validation\wildfire\456.jpg,wildfire,.jpg
D:\DisasterModel\train\cyclone\93.jpg,cyclone,.jpg
D:\DisasterModel\train\cyclone\245.jpg,cyclone,.jpg
D:\DisasterModel\test\flood\592.jpg,flood,.jpg
D:\DisasterModel\validation\earthquake\413.jpg,earthquake,.jpg
D:\DisasterModel\validation\cyclone\411.jpg,cyclone,.jpg
D:\DisasterModel\train\earthquake\79.jpg,earthquake,.jpg
D:\DisasterModel\train\earthquake\281.jpg,earthquake,.jpg
D:\DisasterModel\train\cyclone\233.jpg,cyclone,.jpg
D:\DisasterModel\train\earthquake\191.jpg,earthquake,.jpg
D:\DisasterModel\train\flood\53.jpg,flood,.jpg
D:\DisasterModel\train\earthquake\173.jpg,earthquake,.jpg
D:\DisasterModel\test\cyclone\553.jpg,cyclone,.jpg
D:\DisasterModel\train\flood\144.jpg,flood,.jpg
D:\DisasterModel\train\cyclone\108.jpg,cyclone,.jpg
D:\DisasterModel\train\flood\363.jpg,flood,.jpg
D:\DisasterModel\train\wildfire\160.jpg,wildfire,.jpg
D:\DisasterModel\train\wildfire\200.jpg,wildfire,.jpg
D:\DisasterModel\train\flood\241.jpg,flood,.jpg
D:\DisasterModel\test\cyclone\587.jpg,cyclone,.jpg
D:\DisasterModel\train\flood\93.jpg,flood,.jpg
D:\DisasterModel\train\earthquake\124.jpg,earthquake,.jpg
D:\DisasterModel\train\earthquake\151.jpg,earthquake,.jpg
D:\DisasterModel\train\wildfire\324.jpg,wildfire,.jpg
D:\DisasterModel\validation\flood\447.jpg,flood,.jpg
D:\DisasterModel\train\earthquake\138.jpg,earthquake,.jpg
D:\DisasterModel\validation\cyclone\493.jpg,cyclone,.jpg
D:\DisasterModel\train\cyclone\201.jpg,cyclone,.jpg
D:\DisasterModel\test\wildfire\595.jpg,wildfire,.jpg
D:\DisasterModel\test\flood\543.jpg,flood,.jpg
D:\DisasterModel\train\cyclone\22.jpg,cyclone,.jpg
D:\DisasterModel\train\earthquake\35.jpg,earthquake,.jpg
D:\DisasterModel\validation\earthquake\424.jpg,earthquake,.jpg
D:\DisasterModel\train\cyclone\121.jpg,cyclone,.jpg
D:\DisasterModel\validation\wildfire\405.jpg,wildfire,.jpg
D:\DisasterModel\train\wildfire\282.jpg,wildfire,.jpg
D:\DisasterModel\train\cyclone\56.jpg,cyclone,.jpg
D:\DisasterModel\train\flood\325.jpg,flood,.jpg
D:\DisasterModel\train\earthquake\260.jpg,earthquake,.jpg
D:\DisasterModel\train\earthquake\68.jpg,earthquake,.jpg
D:\DisasterModel\train\wildfire\45.jpg,wildfire,.jpg
D:\DisasterModel\train\flood\323.jpg,flood,.jpg
D:\DisasterModel\train\wildfire\232.jpg,wildfire,.jpg
D:\DisasterModel\train\wildfire\166.jpg,wildfire,.jpg
D:\DisasterModel\train\cyclone\353.jpg,cyclone,.jpg
D:\DisasterModel\test\cyclone\581.jpg,cyclone,.jpg
D:\DisasterModel\train\earthquake\362.jpg,earthquake,.jpg
D:\DisasterModel\validation\cyclone\477.jpg,cyclone,.jpg
D:\DisasterModel\train\cyclone\159.jpg,cyclone,.jpg
D:\DisasterModel\test\flood\584.jpg,flood,.jpg
D:\DisasterModel\test\flood\539.jpg,flood,.jpg
D:\DisasterModel\train\flood\209.jpg,flood,.jpg
D:\DisasterModel\train\wildfire\378.jpg,wildfire,.jpg
D:\DisasterModel\validation\wildfire\452.jpg,wildfire,.jpg
D:\DisasterModel\train\cyclone\387.jpg,cyclone,.jpg
D:\DisasterModel\validation\wildfire\455.jpg,wildfire,.jpg
D:\DisasterModel\train\cyclone\282.jpg,cyclone,.jpg
D:\DisasterModel\train\earthquake\168.jpg,earthquake,.jpg
D:\DisasterModel\train\earthquake\361.jpg,earthquake,.jpg
D:\DisasterModel\test\cyclone\509.jpg,cyclone,.jpg
D:\DisasterModel\train\flood\161.jpg,flood,.jpg
D:\DisasterModel\train\flood\153.jpg,flood,.jpg
D:\DisasterModel\test\flood\515.jpg,flood,.jpg
D:\DisasterModel\train\wildfire\233.jpg,wildfire,.jpg
D:\DisasterModel\test\earthquake\592.jpg,earthquake,.jpg
D:\DisasterModel\validation\wildfire\461.jpg,wildfire,.jpg
D:\DisasterModel\test\earthquake\522.jpg,earthquake,.jpg
D:\DisasterModel\train\cyclone\349.jpg,cyclone,.jpg
D:\DisasterModel\train\earthquake\339.jpg,earthquake,.jpg
D:\DisasterModel\train\cyclone\126.jpg,cyclone,.jpg
D:\DisasterModel\train\earthquake\363.jpg,earthquake,.jpg
D:\DisasterModel\train\wildfire\36.jpg,wildfire,.jpg
D:\DisasterModel\train\earthquake\32.jpg,earthquake,.jpg
D:\DisasterModel\train\earthquake\349.jpg,earthquake,.jpg
D:\DisasterModel\train\cyclone\302.jpg,cyclone,.jpg
D:\DisasterModel\train\wildfire\255.jpg,wildfire,.jpg
D:\DisasterModel\train\flood\106.jpg,flood,.jpg
D:\DisasterModel\train\earthquake\112.jpg,earthquake,.jpg
D:\DisasterModel\train\cyclone\397.jpg,cyclone,.jpg
D:\DisasterModel\validation\wildfire\437.jpg,wildfire,.jpg
D:\DisasterModel\train\cyclone\114.jpg,cyclone,.jpg
D:\DisasterModel\train\flood\367.jpg,flood,.jpg
D:\DisasterModel\validation\wildfire\440.jpg,wildfire,.jpg
D:\DisasterModel\train\wildfire\148.jpg,wildfire,.jpg
D:\DisasterModel\train\wildfire\259.jpg,wildfire,.jpg
D:\DisasterModel\train\earthquake\326.jpg,earthquake,.jpg
D:\DisasterModel\train\earthquake\373.jpg,earthquake,.jpg
D:\DisasterModel\test\flood\520.jpg,flood,.jpg
D:\DisasterModel\train\earthquake\302.jpg,earthquake,.jpg
D:\DisasterModel\validation\earthquake\419.jpg,earthquake,.jpg
D:\DisasterModel\train\wildfire\220.jpg,wildfire,.jpg
D:\DisasterModel\test\wildfire\593.jpg,wildfire,.jpg
D:\DisasterModel\test\wildfire\546.jpg,wildfire,.jpg
D:\DisasterModel\train\flood\386.jpg,flood,.jpg
D:\DisasterModel\train\earthquake\55.jpg,earthquake,.jpg
D:\DisasterModel\test\earthquake\588.jpg,earthquake,.jpg
D:\DisasterModel\train\flood\376.jpg,flood,.jpg
D:\DisasterModel\test\earthquake\534.jpg,earthquake,.jpg
D:\DisasterModel\train\earthquake\214.jpg,earthquake,.jpg
D:\DisasterModel\train\flood\29.jpg,flood,.jpg
D:\DisasterModel\validation\flood\488.jpg,flood,.jpg
D:\DisasterModel\validation\flood\469.jpg,flood,.jpg
D:\DisasterModel\train\earthquake\377.jpg,earthquake,.jpg
D:\DisasterModel\test\earthquake\552.jpg,earthquake,.jpg
D:\DisasterModel\train\wildfire\70.jpg,wildfire,.jpg
D:\DisasterModel\train\cyclone\230.jpg,cyclone,.jpg
D:\DisasterModel\train\cyclone\328.jpg,cyclone,.jpg
D:\DisasterModel\train\earthquake\220.jpg,earthquake,.jpg
D:\DisasterModel\train\flood\130.jpg,flood,.jpg
D:\DisasterModel\train\flood\201.jpg,flood,.jpg
D:\DisasterModel\train\cyclone\155.jpg,cyclone,.jpg
D:\DisasterModel\train\wildfire\64.jpg,wildfire,.jpg
D:\DisasterModel\train\wildfire\167.jpg,wildfire,.jpg
D:\DisasterModel\train\flood\239.jpg,flood,.jpg
D:\DisasterModel\train\flood\65.jpg,flood,.jpg
D:\DisasterModel\train\earthquake\274.jpg,earthquake,.jpg
D:\DisasterModel\validation\earthquake\431.jpg,earthquake,.jpg
D:\DisasterModel\test\wildfire\524.jpg,wildfire,.jpg
D:\DisasterModel\test\earthquake\574.jpg,earthquake,.jpg
D:\DisasterModel\test\cyclone\557.jpg,cyclone,.jpg
D:\DisasterModel\validation\flood\497.jpg,flood,.jpg
D:\DisasterModel\validation\cyclone\490.jpg,cyclone,.jpg
D:\DisasterModel\train\wildfire\302.jpg,wildfire,.jpg
D:\DisasterModel\validation\wildfire\428.jpg,wildfire,.jpg
D:\DisasterModel\validation\earthquake\456.jpg,earthquake,.jpg
D:\DisasterModel\train\wildfire\195.jpg,wildfire,.jpg
D:\DisasterModel\train\cyclone\166.jpg,cyclone,.jpg
D:\DisasterModel\validation\cyclone\429.jpg,cyclone,.jpg
D:\DisasterModel\train\wildfire\50.jpg,wildfire,.jpg
D:\DisasterModel\train\cyclone\312.jpg,cyclone,.jpg
D:\DisasterModel\train\wildfire\338.jpg,wildfire,.jpg
D:\DisasterModel\train\flood\140.jpg,flood,.jpg
D:\DisasterModel\train\earthquake\48.jpg,earthquake,.jpg
D:\DisasterModel\train\wildfire\75.jpg,wildfire,.jpg
D:\DisasterModel\train\cyclone\54.jpg,cyclone,.jpg
D:\DisasterModel\validation\cyclone\482.jpg,cyclone,.jpg
D:\DisasterModel\train\cyclone\68.jpg,cyclone,.jpg
D:\DisasterModel\test\flood\546.jpg,flood,.jpg
D:\DisasterModel\test\flood\568.jpg,flood,.jpg
D:\DisasterModel\validation\flood\437.jpg,flood,.jpg
D:\DisasterModel\train\flood\377.jpg,flood,.jpg
D:\DisasterModel\test\wildfire\518.jpg,wildfire,.jpg
D:\DisasterModel\train\earthquake\359.jpg,earthquake,.jpg
D:\DisasterModel\train\earthquake\393.jpg,earthquake,.jpg
D:\DisasterModel\train\flood\353.jpg,flood,.jpg
D:\DisasterModel\train\earthquake\44.jpg,earthquake,.jpg
D:\DisasterModel\validation\flood\496.jpg,flood,.jpg
D:\DisasterModel\train\earthquake\88.jpg,earthquake,.jpg
D:\DisasterModel\validation\wildfire\495.jpg,wildfire,.jpg
D:\DisasterModel\validation\wildfire\441.jpg,wildfire,.jpg
D:\DisasterModel\validation\wildfire\460.jpg,wildfire,.jpg
D:\DisasterModel\train\wildfire\149.jpg,wildfire,.jpg
D:\DisasterModel\train\earthquake\82.jpg,earthquake,.jpg
D:\DisasterModel\train\cyclone\212.jpg,cyclone,.jpg
D:\DisasterModel\test\wildfire\549.jpg,wildfire,.jpg
D:\DisasterModel\validation\earthquake\400.jpg,earthquake,.jpg
D:\DisasterModel\train\flood\172.jpg,flood,.jpg
D:\DisasterModel\test\flood\576.jpg,flood,.jpg
D:\DisasterModel\train\flood\311.jpg,flood,.jpg
D:\DisasterModel\validation\flood\479.jpg,flood,.jpg
D:\DisasterModel\validation\earthquake\430.jpg,earthquake,.jpg
D:\DisasterModel\validation\flood\478.jpg,flood,.jpg
D:\DisasterModel\train\flood\109.jpg,flood,.jpg
D:\DisasterModel\train\wildfire\318.jpg,wildfire,.jpg
D:\DisasterModel\validation\cyclone\467.jpg,cyclone,.jpg
D:\DisasterModel\test\cyclone\551.jpg,cyclone,.jpg
D:\DisasterModel\train\flood\218.jpg,flood,.jpg
D:\DisasterModel\train\flood\136.jpg,flood,.jpg
D:\DisasterModel\train\cyclone\274.jpg,cyclone,.jpg
D:\DisasterModel\train\flood\8.jpg,flood,.jpg
D:\DisasterModel\train\cyclone\202.jpg,cyclone,.jpg
D:\DisasterModel\train\wildfire\60.jpg,wildfire,.jpg
D:\DisasterModel\train\cyclone\289.jpg,cyclone,.jpg
D:\DisasterModel\train\wildfire\125.jpg,wildfire,.jpg
D:\DisasterModel\test\earthquake\553.jpg,earthquake,.jpg
D:\DisasterModel\train\earthquake\28.jpg,earthquake,.jpg
D:\DisasterModel\validation\wildfire\443.jpg,wildfire,.jpg
D:\DisasterModel\train\flood\102.jpg,flood,.jpg
D:\DisasterModel\test\wildfire\589.jpg,wildfire,.jpg
D:\DisasterModel\test\cyclone\542.jpg,cyclone,.jpg
D:\DisasterModel\train\earthquake\348.jpg,earthquake,.jpg
D:\DisasterModel\test\wildfire\579.jpg,wildfire,.jpg
D:\DisasterModel\train\earthquake\297.jpg,earthquake,.jpg
D:\DisasterModel\validation\earthquake\452.jpg,earthquake,.jpg
D:\DisasterModel\train\flood\244.jpg,flood,.jpg
D:\DisasterModel\train\wildfire\97.jpg,wildfire,.jpg
D:\DisasterModel\train\wildfire\328.jpg,wildfire,.jpg
D:\DisasterModel\train\flood\77.jpg,flood,.jpg
D:\DisasterModel\train\flood\18.jpg,flood,.jpg
D:\DisasterModel\validation\cyclone\462.jpg,cyclone,.jpg
D:\DisasterModel\validation\flood\461.jpg,flood,.jpg
D:\DisasterModel\test\cyclone\515.jpg,cyclone,.jpg
D:\DisasterModel\validation\cyclone\428.jpg,cyclone,.jpg
D:\DisasterModel\test\wildfire\572.jpg,wildfire,.jpg
D:\DisasterModel\train\earthquake\298.jpg,earthquake,.jpg
D:\DisasterModel\test\earthquake\505.jpg,earthquake,.jpg
D:\DisasterModel\train\flood\89.jpg,flood,.jpg
D:\DisasterModel\train\cyclone\389.jpg,cyclone,.jpg
D:\DisasterModel\train\flood\51.jpg,flood,.jpg
D:\DisasterModel\train\earthquake\195.jpg,earthquake,.jpg
D:\DisasterModel\train\wildfire\254.jpg,wildfire,.jpg
D:\DisasterModel\train\flood\329.jpg,flood,.jpg
D:\DisasterModel\train\wildfire\12.jpg,wildfire,.jpg
D:\DisasterModel\test\cyclone\592.jpg,cyclone,.jpg
D:\DisasterModel\train\earthquake\334.jpg,earthquake,.jpg
D:\DisasterModel\train\flood\383.jpg,flood,.jpg
D:\DisasterModel\train\wildfire\197.jpg,wildfire,.jpg
D:\DisasterModel\train\flood\73.jpg,flood,.jpg
D:\DisasterModel\test\flood\503.jpg,flood,.jpg
D:\DisasterModel\train\earthquake\295.jpg,earthquake,.jpg
D:\DisasterModel\train\flood\82.jpg,flood,.jpg
D:\DisasterModel\test\wildfire\516.jpg,wildfire,.jpg
D:\DisasterModel\test\wildfire\556.jpg,wildfire,.jpg
D:\DisasterModel\train\wildfire\153.jpg,wildfire,.jpg
D:\DisasterModel\train\flood\334.jpg,flood,.jpg
D:\DisasterModel\train\cyclone\322.jpg,cyclone,.jpg
D:\DisasterModel\train\flood\169.jpg,flood,.jpg
D:\DisasterModel\train\earthquake\364.jpg,earthquake,.jpg
D:\DisasterModel\validation\cyclone\485.jpg,cyclone,.jpg
D:\DisasterModel\train\earthquake\91.jpg,earthquake,.jpg
D:\DisasterModel\validation\cyclone\483.jpg,cyclone,.jpg
D:\DisasterModel\train\wildfire\262.jpg,wildfire,.jpg
D:\DisasterModel\test\flood\551.jpg,flood,.jpg
D:\DisasterModel\validation\earthquake\420.jpg,earthquake,.jpg
D:\DisasterModel\train\wildfire\177.jpg,wildfire,.jpg
D:\DisasterModel\validation\wildfire\418.jpg,wildfire,.jpg
D:\DisasterModel\validation\cyclone\464.jpg,cyclone,.jpg
D:\DisasterModel\train\flood\124.jpg,flood,.jpg
D:\DisasterModel\train\flood\313.jpg,flood,.jpg
D:\DisasterModel\train\flood\74.jpg,flood,.jpg
D:\DisasterModel\train\cyclone\120.jpg,cyclone,.jpg
D:\DisasterModel\train\wildfire\151.jpg,wildfire,.jpg
D:\DisasterModel\test\wildfire\585.jpg,wildfire,.jpg
D:\DisasterModel\validation\wildfire\464.jpg,wildfire,.jpg
D:\DisasterModel\train\earthquake\95.jpg,earthquake,.jpg
D:\DisasterModel\validation\wildfire\453.jpg,wildfire,.jpg
D:\DisasterModel\train\earthquake\146.jpg,earthquake,.jpg
D:\DisasterModel\validation\flood\438.jpg,flood,.jpg
D:\DisasterModel\train\wildfire\62.jpg,wildfire,.jpg
D:\DisasterModel\train\flood\159.jpg,flood,.jpg
D:\DisasterModel\train\wildfire\186.jpg,wildfire,.jpg
D:\DisasterModel\train\wildfire\87.jpg,wildfire,.jpg
D:\DisasterModel\train\wildfire\297.jpg,wildfire,.jpg
D:\DisasterModel\train\wildfire\393.jpg,wildfire,.jpg
D:\DisasterModel\validation\flood\472.jpg,flood,.jpg
D:\DisasterModel\test\cyclone\502.jpg,cyclone,.jpg
D:\DisasterModel\train\cyclone\275.jpg,cyclone,.jpg
D:\DisasterModel\train\flood\87.jpg,flood,.jpg
D:\DisasterModel\validation\flood\466.jpg,flood,.jpg
D:\DisasterModel\test\flood\516.jpg,flood,.jpg
D:\DisasterModel\train\flood\198.jpg,flood,.jpg
D:\DisasterModel\train\wildfire\54.jpg,wildfire,.jpg
D:\DisasterModel\train\cyclone\351.jpg,cyclone,.jpg
D:\DisasterModel\test\flood\578.jpg,flood,.jpg
D:\DisasterModel\train\cyclone\374.jpg,cyclone,.jpg
D:\DisasterModel\test\cyclone\535.jpg,cyclone,.jpg
D:\DisasterModel\train\cyclone\264.jpg,cyclone,.jpg
D:\DisasterModel\train\wildfire\80.jpg,wildfire,.jpg
D:\DisasterModel\validation\earthquake\498.jpg,earthquake,.jpg
D:\DisasterModel\validation\earthquake\496.jpg,earthquake,.jpg
D:\DisasterModel\validation\wildfire\442.jpg,wildfire,.jpg
D:\DisasterModel\train\cyclone\330.jpg,cyclone,.jpg
D:\DisasterModel\train\cyclone\112.jpg,cyclone,.jpg
D:\DisasterModel\train\earthquake\278.jpg,earthquake,.jpg
D:\DisasterModel\test\flood\508.jpg,flood,.jpg
D:\DisasterModel\train\cyclone\295.jpg,cyclone,.jpg
D:\DisasterModel\validation\wildfire\436.jpg,wildfire,.jpg
D:\DisasterModel\train\wildfire\147.jpg,wildfire,.jpg
D:\DisasterModel\validation\cyclone\486.jpg,cyclone,.jpg
D:\DisasterModel\train\wildfire\395.jpg,wildfire,.jpg
D:\DisasterModel\train\wildfire\347.jpg,wildfire,.jpg
D:\DisasterModel\train\wildfire\264.jpg,wildfire,.jpg
D:\DisasterModel\train\earthquake\288.jpg,earthquake,.jpg
D:\DisasterModel\train\wildfire\334.jpg,wildfire,.jpg
D:\DisasterModel\train\wildfire\278.jpg,wildfire,.jpg
D:\DisasterModel\train\earthquake\97.jpg,earthquake,.jpg
D:\DisasterModel\train\earthquake\184.jpg,earthquake,.jpg
D:\DisasterModel\test\wildfire\542.jpg,wildfire,.jpg
D:\DisasterModel\test\cyclone\540.jpg,cyclone,.jpg
D:\DisasterModel\train\earthquake\223.jpg,earthquake,.jpg
D:\DisasterModel\test\wildfire\537.jpg,wildfire,.jpg
D:\DisasterModel\train\cyclone\15.jpg,cyclone,.jpg
D:\DisasterModel\validation\cyclone\465.jpg,cyclone,.jpg
D:\DisasterModel\train\cyclone\136.jpg,cyclone,.jpg
D:\DisasterModel\validation\earthquake\482.jpg,earthquake,.jpg
D:\DisasterModel\test\earthquake\515.jpg,earthquake,.jpg
D:\DisasterModel\train\cyclone\333.jpg,cyclone,.jpg
D:\DisasterModel\train\wildfire\172.jpg,wildfire,.jpg
D:\DisasterModel\test\cyclone\503.jpg,cyclone,.jpg
D:\DisasterModel\train\wildfire\292.jpg,wildfire,.jpg
D:\DisasterModel\train\flood\142.jpg,flood,.jpg
D:\DisasterModel\train\wildfire\182.jpg,wildfire,.jpg
D:\DisasterModel\train\wildfire\85.jpg,wildfire,.jpg
D:\DisasterModel\train\wildfire\107.jpg,wildfire,.jpg
D:\DisasterModel\train\flood\320.jpg,flood,.jpg
D:\DisasterModel\train\flood\43.jpg,flood,.jpg
D:\DisasterModel\train\earthquake\290.jpg,earthquake,.jpg
D:\DisasterModel\train\wildfire\375.jpg,wildfire,.jpg
D:\DisasterModel\validation\cyclone\441.jpg,cyclone,.jpg
D:\DisasterModel\validation\flood\491.jpg,flood,.jpg
D:\DisasterModel\train\wildfire\73.jpg,wildfire,.jpg
D:\DisasterModel\train\cyclone\106.jpg,cyclone,.jpg
D:\DisasterModel\train\earthquake\357.jpg,earthquake,.jpg
D:\DisasterModel\test\cyclone\575.jpg,cyclone,.jpg
D:\DisasterModel\validation\earthquake\428.jpg,earthquake,.jpg
D:\DisasterModel\test\wildfire\582.jpg,wildfire,.jpg
D:\DisasterModel\train\wildfire\314.jpg,wildfire,.jpg
D:\DisasterModel\train\flood\69.jpg,flood,.jpg
D:\DisasterModel\test\cyclone\549.jpg,cyclone,.jpg
D:\DisasterModel\test\earthquake\502.jpg,earthquake,.jpg
D:\DisasterModel\test\flood\531.jpg,flood,.jpg
D:\DisasterModel\test\wildfire\539.jpg,wildfire,.jpg
D:\DisasterModel\train\earthquake\375.jpg,earthquake,.jpg
D:\DisasterModel\train\earthquake\268.jpg,earthquake,.jpg
D:\DisasterModel\test\wildfire\507.jpg,wildfire,.jpg
D:\DisasterModel\train\wildfire\138.jpg,wildfire,.jpg
D:\DisasterModel\train\flood\206.jpg,flood,.jpg
D:\DisasterModel\train\cyclone\102.jpg,cyclone,.jpg
D:\DisasterModel\validation\earthquake\438.jpg,earthquake,.jpg
D:\DisasterModel\test\earthquake\511.jpg,earthquake,.jpg
D:\DisasterModel\test\earthquake\521.jpg,earthquake,.jpg
D:\DisasterModel\test\flood\550.jpg,flood,.jpg
D:\DisasterModel\test\earthquake\545.jpg,earthquake,.jpg
D:\DisasterModel\train\wildfire\312.jpg,wildfire,.jpg
D:\DisasterModel\train\flood\266.jpg,flood,.jpg
D:\DisasterModel\train\cyclone\277.jpg,cyclone,.jpg
D:\DisasterModel\train\cyclone\179.jpg,cyclone,.jpg
D:\DisasterModel\train\earthquake\206.jpg,earthquake,.jpg
D:\DisasterModel\train\cyclone\280.jpg,cyclone,.jpg
D:\DisasterModel\train\earthquake\66.jpg,earthquake,.jpg
D:\DisasterModel\test\wildfire\521.jpg,wildfire,.jpg
D:\DisasterModel\train\earthquake\188.jpg,earthquake,.jpg
D:\DisasterModel\train\cyclone\128.jpg,cyclone,.jpg
D:\DisasterModel\train\cyclone\362.jpg,cyclone,.jpg
D:\DisasterModel\train\earthquake\26.jpg,earthquake,.jpg
D:\DisasterModel\train\cyclone\337.jpg,cyclone,.jpg
D:\DisasterModel\validation\cyclone\494.jpg,cyclone,.jpg
D:\DisasterModel\validation\cyclone\457.jpg,cyclone,.jpg
D:\DisasterModel\train\cyclone\43.jpg,cyclone,.jpg
D:\DisasterModel\test\cyclone\541.jpg,cyclone,.jpg
D:\DisasterModel\train\wildfire\161.jpg,wildfire,.jpg
D:\DisasterModel\train\earthquake\354.jpg,earthquake,.jpg
D:\DisasterModel\test\wildfire\528.jpg,wildfire,.jpg
D:\DisasterModel\train\wildfire\18.jpg,wildfire,.jpg
D:\DisasterModel\test\flood\585.jpg,flood,.jpg
D:\DisasterModel\test\flood\558.jpg,flood,.jpg
D:\DisasterModel\test\earthquake\570.jpg,earthquake,.jpg
D:\DisasterModel\validation\flood\436.jpg,flood,.jpg
D:\DisasterModel\validation\cyclone\404.jpg,cyclone,.jpg
D:\DisasterModel\train\flood\197.jpg,flood,.jpg
D:\DisasterModel\test\cyclone\513.jpg,cyclone,.jpg
D:\DisasterModel\train\flood\226.jpg,flood,.jpg
D:\DisasterModel\train\wildfire\223.jpg,wildfire,.jpg
D:\DisasterModel\train\flood\14.jpg,flood,.jpg
D:\DisasterModel\train\cyclone\390.jpg,cyclone,.jpg
D:\DisasterModel\validation\flood\425.jpg,flood,.jpg
D:\DisasterModel\train\wildfire\344.jpg,wildfire,.jpg
D:\DisasterModel\train\cyclone\181.jpg,cyclone,.jpg
D:\DisasterModel\train\flood\356.jpg,flood,.jpg
D:\DisasterModel\validation\earthquake\490.jpg,earthquake,.jpg
D:\DisasterModel\train\wildfire\169.jpg,wildfire,.jpg
D:\DisasterModel\train\cyclone\375.jpg,cyclone,.jpg
D:\DisasterModel\train\earthquake\120.jpg,earthquake,.jpg
D:\DisasterModel\train\flood\213.jpg,flood,.jpg
D:\DisasterModel\train\cyclone\138.jpg,cyclone,.jpg
D:\DisasterModel\train\wildfire\365.jpg,wildfire,.jpg
D:\DisasterModel\train\earthquake\127.jpg,earthquake,.jpg
D:\DisasterModel\train\earthquake\177.jpg,earthquake,.jpg
D:\DisasterModel\train\earthquake\73.jpg,earthquake,.jpg
D:\DisasterModel\train\wildfire\183.jpg,wildfire,.jpg
D:\DisasterModel\train\flood\4.jpg,flood,.jpg
D:\DisasterModel\train\cyclone\363.jpg,cyclone,.jpg
D:\DisasterModel\train\cyclone\137.jpg,cyclone,.jpg
D:\DisasterModel\train\flood\276.jpg,flood,.jpg
D:\DisasterModel\validation\cyclone\425.jpg,cyclone,.jpg
D:\DisasterModel\train\wildfire\145.jpg,wildfire,.jpg
D:\DisasterModel\validation\cyclone\468.jpg,cyclone,.jpg
D:\DisasterModel\validation\cyclone\405.jpg,cyclone,.jpg
D:\DisasterModel\test\flood\523.jpg,flood,.jpg
D:\DisasterModel\train\earthquake\115.jpg,earthquake,.jpg
D:\DisasterModel\train\wildfire\27.jpg,wildfire,.jpg
D:\DisasterModel\train\cyclone\75.jpg,cyclone,.jpg
D:\DisasterModel\train\wildfire\111.jpg,wildfire,.jpg
D:\DisasterModel\train\wildfire\136.jpg,wildfire,.jpg
D:\DisasterModel\test\wildfire\510.jpg,wildfire,.jpg
D:\DisasterModel\test\cyclone\506.jpg,cyclone,.jpg
D:\DisasterModel\train\wildfire\19.jpg,wildfire,.jpg
D:\DisasterModel\train\wildfire\126.jpg,wildfire,.jpg
D:\DisasterModel\train\flood\343.jpg,flood,.jpg
D:\DisasterModel\train\earthquake\321.jpg,earthquake,.jpg
D:\DisasterModel\train\flood\302.jpg,flood,.jpg
D:\DisasterModel\validation\wildfire\420.jpg,wildfire,.jpg
D:\DisasterModel\train\cyclone\238.jpg,cyclone,.jpg
D:\DisasterModel\train\cyclone\392.jpg,cyclone,.jpg
D:\DisasterModel\train\flood\321.jpg,flood,.jpg
D:\DisasterModel\train\wildfire\321.jpg,wildfire,.jpg
D:\DisasterModel\train\earthquake\78.jpg,earthquake,.jpg
D:\DisasterModel\train\earthquake\6.jpg,earthquake,.jpg
D:\DisasterModel\test\flood\533.jpg,flood,.jpg
D:\DisasterModel\train\earthquake\270.jpg,earthquake,.jpg
D:\DisasterModel\test\flood\564.jpg,flood,.jpg
D:\DisasterModel\test\cyclone\559.jpg,cyclone,.jpg
D:\DisasterModel\train\flood\199.jpg,flood,.jpg
D:\DisasterModel\train\cyclone\232.jpg,cyclone,.jpg
D:\DisasterModel\train\earthquake\37.jpg,earthquake,.jpg
D:\DisasterModel\train\earthquake\385.jpg,earthquake,.jpg
D:\DisasterModel\test\earthquake\585.jpg,earthquake,.jpg
D:\DisasterModel\train\earthquake\99.jpg,earthquake,.jpg
D:\DisasterModel\test\earthquake\503.jpg,earthquake,.jpg
D:\DisasterModel\validation\flood\426.jpg,flood,.jpg
D:\DisasterModel\validation\earthquake\426.jpg,earthquake,.jpg
D:\DisasterModel\validation\cyclone\442.jpg,cyclone,.jpg
D:\DisasterModel\train\wildfire\132.jpg,wildfire,.jpg
D:\DisasterModel\train\flood\117.jpg,flood,.jpg
D:\DisasterModel\train\flood\158.jpg,flood,.jpg
D:\DisasterModel\test\cyclone\556.jpg,cyclone,.jpg
D:\DisasterModel\train\wildfire\130.jpg,wildfire,.jpg
D:\DisasterModel\train\earthquake\371.jpg,earthquake,.jpg
D:\DisasterModel\train\flood\48.jpg,flood,.jpg
D:\DisasterModel\test\cyclone\586.jpg,cyclone,.jpg
D:\DisasterModel\validation\cyclone\488.jpg,cyclone,.jpg
D:\DisasterModel\test\cyclone\545.jpg,cyclone,.jpg
D:\DisasterModel\train\flood\308.jpg,flood,.jpg
D:\DisasterModel\train\cyclone\125.jpg,cyclone,.jpg
D:\DisasterModel\test\cyclone\517.jpg,cyclone,.jpg
D:\DisasterModel\train\cyclone\17.jpg,cyclone,.jpg
D:\DisasterModel\train\earthquake\387.jpg,earthquake,.jpg
D:\DisasterModel\train\cyclone\87.jpg,cyclone,.jpg
D:\DisasterModel\train\wildfire\271.jpg,wildfire,.jpg
D:\DisasterModel\train\cyclone\10.jpg,cyclone,.jpg
D:\DisasterModel\train\earthquake\64.jpg,earthquake,.jpg
D:\DisasterModel\train\wildfire\317.jpg,wildfire,.jpg
D:\DisasterModel\train\wildfire\127.jpg,wildfire,.jpg
D:\DisasterModel\train\flood\278.jpg,flood,.jpg
D:\DisasterModel\validation\earthquake\484.jpg,earthquake,.jpg
D:\DisasterModel\train\earthquake\178.jpg,earthquake,.jpg
D:\DisasterModel\train\earthquake\141.jpg,earthquake,.jpg
D:\DisasterModel\test\wildfire\560.jpg,wildfire,.jpg
D:\DisasterModel\train\earthquake\277.jpg,earthquake,.jpg
D:\DisasterModel\test\wildfire\538.jpg,wildfire,.jpg
D:\DisasterModel\train\earthquake\319.jpg,earthquake,.jpg
D:\DisasterModel\test\cyclone\599.jpg,cyclone,.jpg
D:\DisasterModel\train\cyclone\7.jpg,cyclone,.jpg
D:\DisasterModel\train\earthquake\90.jpg,earthquake,.jpg
D:\DisasterModel\test\cyclone\566.jpg,cyclone,.jpg
D:\DisasterModel\train\earthquake\125.jpg,earthquake,.jpg
D:\DisasterModel\train\earthquake\368.jpg,earthquake,.jpg
D:\DisasterModel\test\flood\559.jpg,flood,.jpg
D:\DisasterModel\test\earthquake\580.jpg,earthquake,.jpg
D:\DisasterModel\validation\cyclone\407.jpg,cyclone,.jpg
D:\DisasterModel\train\earthquake\137.jpg,earthquake,.jpg
D:\DisasterModel\test\cyclone\528.jpg,cyclone,.jpg
D:\DisasterModel\train\cyclone\199.jpg,cyclone,.jpg
D:\DisasterModel\train\wildfire\294.jpg,wildfire,.jpg
D:\DisasterModel\train\flood\98.jpg,flood,.jpg
D:\DisasterModel\train\earthquake\366.jpg,earthquake,.jpg
D:\DisasterModel\train\cyclone\82.jpg,cyclone,.jpg
D:\DisasterModel\test\cyclone\550.jpg,cyclone,.jpg
D:\DisasterModel\train\flood\275.jpg,flood,.jpg
D:\DisasterModel\test\cyclone\548.jpg,cyclone,.jpg
D:\DisasterModel\train\flood\6.jpg,flood,.jpg
D:\DisasterModel\train\wildfire\331.jpg,wildfire,.jpg
D:\DisasterModel\train\wildfire\124.jpg,wildfire,.jpg
D:\DisasterModel\test\earthquake\526.jpg,earthquake,.jpg
D:\DisasterModel\train\earthquake\397.jpg,earthquake,.jpg
D:\DisasterModel\test\wildfire\520.jpg,wildfire,.jpg
D:\DisasterModel\validation\earthquake\492.jpg,earthquake,.jpg
D:\DisasterModel\train\cyclone\377.jpg,cyclone,.jpg
D:\DisasterModel\validation\cyclone\421.jpg,cyclone,.jpg
D:\DisasterModel\test\wildfire\592.jpg,wildfire,.jpg
D:\DisasterModel\test\wildfire\571.jpg,wildfire,.jpg
D:\DisasterModel\train\cyclone\47.jpg,cyclone,.jpg
D:\DisasterModel\validation\flood\460.jpg,flood,.jpg
D:\DisasterModel\train\earthquake\41.jpg,earthquake,.jpg
D:\DisasterModel\train\wildfire\277.jpg,wildfire,.jpg
D:\DisasterModel\train\earthquake\208.jpg,earthquake,.jpg
D:\DisasterModel\train\wildfire\276.jpg,wildfire,.jpg
D:\DisasterModel\train\earthquake\25.jpg,earthquake,.jpg
D:\DisasterModel\train\wildfire\342.jpg,wildfire,.jpg
D:\DisasterModel\train\flood\247.jpg,flood,.jpg
D:\DisasterModel\test\cyclone\546.jpg,cyclone,.jpg
D:\DisasterModel\test\cyclone\534.jpg,cyclone,.jpg
D:\DisasterModel\train\earthquake\238.jpg,earthquake,.jpg
D:\DisasterModel\train\earthquake\116.jpg,earthquake,.jpg
D:\DisasterModel\test\earthquake\509.jpg,earthquake,.jpg
D:\DisasterModel\test\wildfire\577.jpg,wildfire,.jpg
D:\DisasterModel\train\wildfire\239.jpg,wildfire,.jpg
D:\DisasterModel\train\wildfire\236.jpg,wildfire,.jpg
D:\DisasterModel\validation\wildfire\489.jpg,wildfire,.jpg
D:\DisasterModel\train\flood\265.jpg,flood,.jpg
D:\DisasterModel\train\wildfire\120.jpg,wildfire,.jpg
D:\DisasterModel\test\flood\534.jpg,flood,.jpg
D:\DisasterModel\train\cyclone\307.jpg,cyclone,.jpg
D:\DisasterModel\test\cyclone\523.jpg,cyclone,.jpg
D:\DisasterModel\test\cyclone\568.jpg,cyclone,.jpg
D:\DisasterModel\train\wildfire\246.jpg,wildfire,.jpg
D:\DisasterModel\train\flood\120.jpg,flood,.jpg
D:\DisasterModel\train\earthquake\198.jpg,earthquake,.jpg
D:\DisasterModel\validation\wildfire\481.jpg,wildfire,.jpg
D:\DisasterModel\train\wildfire\79.jpg,wildfire,.jpg
D:\DisasterModel\train\cyclone\18.jpg,cyclone,.jpg
D:\DisasterModel\train\earthquake\163.jpg,earthquake,.jpg
D:\DisasterModel\train\wildfire\28.jpg,wildfire,.jpg
D:\DisasterModel\train\wildfire\280.jpg,wildfire,.jpg
D:\DisasterModel\train\flood\293.jpg,flood,.jpg
D:\DisasterModel\test\earthquake\569.jpg,earthquake,.jpg
D:\DisasterModel\train\earthquake\211.jpg,earthquake,.jpg
D:\DisasterModel\test\cyclone\500.jpg,cyclone,.jpg
D:\DisasterModel\train\flood\336.jpg,flood,.jpg
D:\DisasterModel\test\cyclone\573.jpg,cyclone,.jpg
D:\DisasterModel\test\earthquake\566.jpg,earthquake,.jpg
